Capacity,Vmin
586.2612815841728,0.7184186577063122
1031.97960423675,0.6955436271891362
344.40262304974726,0.7178381477331627
701.5273793227008,0.7178036800499126
773.8620646462155,0.7146599057249503
635.0462114361546,0.7178330693705005
697.6805445373745,0.7183370366608678
707.8716545681477,0.7180790095666804
908.8484399474996,0.718045176829599
504.9202931643577,0.7179252448741887
455.45187860614215,0.7177996577210545
201.64804252980227,0.7175500229534952
536.3519499239909,0.7182921009772364
698.7097762535162,0.7183586624387207
544.9460856851191,0.7184151820606496
463.0997815340904,0.7181359433319566
627.6005503837848,0.7184061372664895
766.2911233785627,0.7178307329435193
593.790476952061,0.7184247359288395
607.3572022643832,0.7182367752639711
619.0149651673087,0.7177424658229625
470.04530454597125,0.7179211073186147
410.18631305386066,0.7179836445442905
667.1158654184715,0.7180844512993642
927.819880330486,0.718069709476401
586.2309974100144,0.7183559234862562
424.08054308476216,0.7179740819578518
1069.5654569325768,0.7183266408481127
1014.894391932489,0.7178067879537647
1018.6146942548799,0.6583252756385208
883.2621262085921,0.7180487342559145
346.81139866767944,0.7175482602419846
761.8557595584931,0.7180659829760521
750.6485451187833,0.7182576186512003
973.2530768447119,0.7182156865360654
523.0980255779727,0.7176315781099403
764.7091746038135,0.7179823426866568
643.2175706793581,0.6870683577124651
605.0946991076304,0.7179214214511838
657.2446670359908,0.7182024002322819
694.861271097414,0.7181735339849029
843.2354210868094,0.7179361860388825
779.4998365691539,0.6905590010178715
879.2221612397022,0.7180670772274709
483.10832552970214,0.717637345470144
644.0567966356792,0.7176741884536995
702.507586567621,0.7183653728325011
771.668958336777,0.7177392971587374
1266.0744773342117,0.7182556303976341
588.9679372672446,0.7180232877865683
858.416610954084,0.7180699497166357
662.3769334051269,0.7175906860160253
613.8963741947774,0.7177402240021669
471.8429410169865,0.71834013795022
777.3211388928629,0.7150733742559544
540.1865718799511,0.7182243855739735
752.1970720042743,0.7184135066004422
696.7059877680699,0.7183879435490121
1102.2481398405562,0.7067844381206341
726.562100866751,0.717783846473813
664.5727364532859,0.7177625385562543
645.6846379067631,0.7177685301599491
676.3998695870498,0.7179456669892393
540.273781726326,0.7177231938352544
1214.4619464717687,0.6995869549631302
1116.3805867521992,0.6655080075544455
645.7955260750632,0.7179096511451203
825.0887400562768,0.7182710022916305
870.1179387648365,0.6974776491841642
875.4137280316427,0.7180066098434282
794.7622482283919,0.7182534452546192
533.5995836455014,0.7177985032844099
1016.5564379530397,0.7179167191234385
354.58574197420165,0.7178894533153222
688.077825581016,0.718353921267386
457.59136670884783,0.7175397151594657
1480.0541079896452,0.7180081883074007
759.0445240020699,0.7046303250788316
834.4151068303329,0.7177006012607657
751.7654763737136,0.6972888197240323
337.7481663537187,0.7176597866463202
1030.4754382627548,0.7110746015392537
726.5638087587924,0.7182943371176654
952.6166975835727,0.6985869050269785
514.485455600928,0.7177636885583255
1140.0134166075334,0.7181840026792843
521.7491066725654,0.718010911371083
876.2409691301015,0.718444571070552
601.0416438478073,0.717891761178861
512.9087518240044,0.7184750994257416
587.9855388719569,0.718370867828547
921.3732237175875,0.7062760552525152
515.1117940885445,0.7181648196193917
677.7040627123434,0.7181767470063325
416.6751722049445,0.7178300816031553
609.0919156464482,0.7177543553442104
523.0663160789724,0.7181983082984651
746.3301698941084,0.7183111782549408
715.6619611460854,0.7180561408077889
527.6598628935363,0.7178902775377147
614.2439425448217,0.7183539400821306
922.4245386968956,0.7184087548756166
565.6821182305131,0.7182163988839565
721.6463825459072,0.7183786235033358
529.0113347741172,0.717955115830926
742.314318834426,0.7184892851136374
764.6994748673943,0.7184155537926186
955.1260660341923,0.7176535586999341
399.3745847223262,0.7178711533534018
322.64366595195065,0.7177521191677353
706.160492128457,0.7179724622997747
419.79739317616225,0.7184139446270045
705.386544605582,0.7178915300373965
479.37651832277993,0.7177151492347116
770.0124099562358,0.7183412338630191
783.5119565858905,0.7175963703430963
1097.046170861066,0.6990661041549947
884.5439501070471,0.717534853371533
985.0484644414923,0.7181145005093692
429.60224612130673,0.7180937079429865
644.1592611915435,0.7183225496724236
879.266603126327,0.7179515172458071
552.700548934249,0.7184291548183105
596.4425079418148,0.7127515795332624
1030.852879566837,0.7183698217172483
780.7216890246847,0.6964502884789704
890.8633589967274,0.717870640706009
641.63865296886,0.7184786710424496
554.636966951304,0.7183833687404994
790.3671785947092,0.7177572674439407
525.8154511664129,0.7180294501985145
583.1259104836478,0.7184993513737044
672.7536774233221,0.7181950301059147
599.1960503708182,0.7177902092852303
928.1478373640873,0.7182448261540622
900.0131892727005,0.6912033219899737
646.5768480283542,0.7178513548801393
732.3552646942459,0.677597955536435
1012.9791244972673,0.6957954539849364
352.0816094463681,0.717700277005071
604.4081640980786,0.7177698252252016
519.8915450356358,0.7180101866196189
730.4274275281541,0.7179684866559346
684.1324146144643,0.7181999629864835
585.5308292979314,0.7180434416460121
571.5070775928576,0.7183450361932557
700.7646811395592,0.7180656371741898
535.2249441131474,0.7175639644071597
426.20143131727843,0.7178317737046737
786.5398253632874,0.7177845875897075
762.3577162727647,0.718477093780384
898.9807130295624,0.7178212854700599
742.2155870022153,0.7181497115426392
704.2098503996946,0.7178946261953058
804.8329411045708,0.7178831218684083
989.5722754922322,0.7176151353762182
834.1286826693182,0.7181634766487498
512.8052121680529,0.7183808780687607
683.9332128771595,0.7180600060837465
656.3844340814219,0.7183018209154265
194.2165217206939,0.7178570668641491
789.8801906969298,0.718400093980384
644.6636333063057,0.6975070973325451
605.0257398585335,0.7179026373268831
353.6352554998256,0.7177861607770915
1024.1218255947358,0.7177082036595283
872.5374167304992,0.6575611483297177
629.8899266123976,0.7125167867459555
558.3176166394103,0.7177272266050643
840.7412161540777,0.7051840599539286
909.0176872534437,0.7178514762744646
609.2264591590069,0.7182105112203899
476.6470899378497,0.7180846786127126
755.9961156677103,0.7179558060575708
676.8312593255343,0.7183138527690263
1098.0302377804223,0.7179416637029091
394.65303698098137,0.7181716153115826
1008.7055914376447,0.7184502657780604
510.417459315691,0.7145517251452808
524.4329066063661,0.7179184028671649
775.8828456120501,0.7178986548260929
760.2135604034361,0.7178191826107169
632.4405111486676,0.7178715448228026
600.4877811177524,0.7178763541169249
514.5832527035188,0.7182194440589195
432.5720373270469,0.7182895211397817
993.5814555190788,0.6766030543271095
839.0980802790456,0.7177605646319495
404.58747692174705,0.7175397686163615
639.6333534670425,0.7183570176595234
515.2493421438298,0.7183460167842601
522.4380005136892,0.7181200928148239
594.4536777398486,0.7181475455002015
547.0069621446006,0.7179581715094541
708.0956328119696,0.7177043808713756
1109.0043019327968,0.6785929437488074
867.2786302969917,0.7182501562076896
536.7484453719111,0.6811835533017434
947.9670833524814,0.7106601365153051
622.6255877351862,0.7184329311680131
765.9301977123024,0.708403494299944
671.0752994258728,0.7179718285826112
804.4252238829047,0.7079640067035455
613.5212819722158,0.7182422779266385
726.2977205408658,0.7183309324476004
501.5529891100626,0.7178956457457307
204.9464516149473,0.7179870249430413
698.927961298747,0.7181680200725179
939.1520747496298,0.717978059191478
499.09645731104627,0.7182277725916005
1003.9208490317146,0.7136089191336508
875.8123763948761,0.7162408585136372
1174.1123247444514,0.704270339944044
1102.7901631036061,0.69911372845373
426.1789123527903,0.7179196383197518
725.30722577878,0.7180557801564681
635.6208143922526,0.7178793305273402
342.28968196420976,0.7176257242523746
626.2317099149548,0.7178005136596959
457.38954582454744,0.7180076499219232
670.7887192428982,0.7178906285850263
1043.9757978869375,0.7183447920921546
575.9325917716595,0.7180323180484541
320.9396295089007,0.7178649857912122
641.2766697797964,0.7184610510202621
811.585878564722,0.6926304387350907
654.3441144315398,0.7178186849959844
1019.715091662196,0.7178311039541637
784.022187697258,0.7179190985437055
506.3358502080831,0.7181045463488338
547.841422395541,0.7182358338180852
418.8472761935856,0.7175692179574606
494.6812417968188,0.7175405352140753
549.4874092416333,0.7184678947712088
725.901745297275,0.7184376343607016
679.1006064743212,0.7180039562156325
947.1623579049843,0.718129106297038
882.9019425135499,0.7176573483281836
659.0394442425571,0.718017261229805
973.8058029022081,0.7180358965177372
664.6764100157527,0.7180962838820594
593.7557375880381,0.718182647813408
722.7937156996072,0.7178877598222476
893.1069053434048,0.7182011536299601
758.4709525757441,0.7180557284991527
996.3873060146284,0.7184217632713783
607.2748170038443,0.7184560869491882
427.19705145716,0.7178111108145778
1019.2493980101499,0.7002430389388798
809.7264512894795,0.7178576844389926
672.5544114766849,0.7178022205250929
522.0047788501862,0.7179442814868114
668.8769161240796,0.7180361585345372
557.0515415053121,0.7179110279148795
691.3762289350229,0.7180616270180012
437.9743806876661,0.7178618359408638
504.5270063077917,0.7181244357165836
513.2814190830388,0.7181140197709369
296.0730496258606,0.7180791888461429
615.6829672751021,0.7178432498030732
671.7034549377885,0.7180056266923865
181.44155734607094,0.7178992649608342
572.7545354277203,0.7183820651906137
860.6409100906311,0.7096221457885014
584.5028056070805,0.7180315864188113
968.3159067541275,0.7006735543797592
662.2914085993091,0.7182319905228376
593.7275305113228,0.7184541642493288
772.4659434561072,0.6690346197756869
608.2797483413013,0.7183137210860964
815.4932434880648,0.7180432523106617
671.0658688969198,0.6874508594461871
559.4095129948062,0.7179105644154158
484.32662774607496,0.7181179966767309
872.9678378488168,0.7184548458199106
314.22564725377714,0.7177495968242604
684.7074257637087,0.7181846801416096
875.0747976227952,0.718461382920212
1071.2127464952027,0.7178197416162667
484.37623720194506,0.718109308991809
1121.0686359082383,0.6961843734236085
439.7767106856397,0.7183186844824683
957.4302659154896,0.6994549617161493
693.7936024413033,0.7184143641019871
870.2632109278377,0.6654966499330575
731.239150232117,0.7160891735103345
741.0397899221316,0.718390339454331
546.1546035270235,0.7178587051110235
373.471475257127,0.7176814278553426
759.0040134992175,0.7180072077391404
712.3682117442368,0.7182745988865691
1004.8589740086458,0.7181985953559231
452.45149437821703,0.717989961669578
1005.0730451504967,0.7181155263684521
438.3246214702428,0.7179105380773229
907.5402679288003,0.6920586900429937
781.9088735807187,0.7177376549552834
456.2387134176101,0.7180697412232565
561.4238666001289,0.7173977064698949
358.10204412171475,0.7181091114350536
403.4297612393736,0.7176570631841613
574.030958751984,0.7177721302049708
680.306365493937,0.7179806366125799
1159.2728154578715,0.7178673703201912
627.5040504647361,0.7178653423910685
514.0560826793212,0.7181100166890714
761.538776003775,0.7183071875154641
584.8181684349026,0.7179973415011983
652.7917710528068,0.6474297029082353
307.77751847418943,0.7179168426919011
1203.6259669557708,0.7184903702263513
516.5694046683141,0.717542903376751
590.1065897000012,0.7180700878523646
622.5795254091513,0.7178300467227681
718.6345269258615,0.7182982385764254
571.9736550268889,0.7182410877544192
698.1670209928158,0.7181227304489246
555.8502543104364,0.7179674881382874
592.7307522218741,0.718215050973289
400.1623414516526,0.71753631749286
639.6722597462972,0.7182101373874468
762.6596676002672,0.718465239345794
533.6406869037086,0.7175468632739038
629.7801290083079,0.7182931254266004
600.4893989944636,0.7178347902181043
222.87401535820942,0.7175989921353316
629.4021440374215,0.7180268384682946
896.3554275855124,0.7180799590791904
1044.4005767018934,0.7177701614219963
782.3481227475726,0.7175725348939276
829.0581779260416,0.7181621014165714
566.6175729278212,0.6817484944404238
663.5200292932221,0.7177527189811732
569.4882681165911,0.7184524423241305
607.295506343651,0.7180441460486691
763.0068481019738,0.7184196264188992
433.06076356342385,0.7181745196675641
797.3500977940778,0.7026028751793497
505.2449484146972,0.7182518782494886
708.1515824133173,0.7180439135729976
483.88467440148287,0.7179776703101602
978.6775177408823,0.7180919096723599
369.46433892695995,0.718100606209011
371.7425734191212,0.7180123973149543
968.6866081106801,0.6897565696654921
759.621371954844,0.7182926600188028
920.6053210341671,0.718099752567481
814.8135527325235,0.7179928907227991
511.9417967665064,0.7180981670531119
468.94541563754115,0.7184854675234004
561.7967625887641,0.7176818625971262
799.0655771470383,0.7178847557085303
890.5839963915697,0.7175876743844943
604.5829887368686,0.717735451978426
515.4499492929205,0.7182534771901001
567.7948874111843,0.7177368915547977
802.6283291678005,0.718289926952168
873.0010137728816,0.7182866914615788
469.25918503547973,0.7178638371296783
737.2032430796942,0.7180741900802149
471.022856701893,0.7179368340788835
562.7843907401705,0.7184435085192278
857.8071218683222,0.7182907827252805
973.2931351686376,0.7182879637886408
1382.9932800089468,0.7018185463107619
703.9200610135326,0.7184681271849328
879.2256190433313,0.7184098447495573
932.2355830706917,0.7181465106704337
736.6648633601637,0.7180793490779617
488.54678630867465,0.7184795506604308
682.5445232298686,0.7177362859632747
465.31320650915006,0.7179292435167357
626.2277563266875,0.7180859888700798
867.7674674757866,0.7176916950691091
1187.2248530714899,0.6934544924903828
192.73898769460982,0.717686466453375
720.7205269726969,0.7175653391704797
744.6879437112253,0.7183743946886555
866.9402702850293,0.7181125616005125
1047.1696895878795,0.718436506473243
502.7372547732696,0.7183219899335559
649.7410558221546,0.7095369477411207
804.5564374077175,0.7183801131458181
368.99408518469033,0.7182368249989369
918.7494465309474,0.6961200733159191
709.5638245369491,0.7181602539874467
561.6187762259823,0.7175685451098366
641.3708071539602,0.7180563602909918
829.4559236134804,0.7184405998436587
797.5291903343774,0.7176804125393476
552.199570626119,0.7184680878740003
603.0302471460932,0.7183699810421991
624.2807288576524,0.7180613803858698
740.0433888064573,0.7180861670721258
989.4088703985957,0.7181711946495372
718.5999765012238,0.7180313271887176
900.6042807621636,0.7179961453643168
948.3605856900836,0.7151610915685106
971.7748773276796,0.7123884674729392
576.1185768790197,0.7180898746152817
454.4359667339146,0.718131626895739
293.0677187852022,0.7175447871627294
1132.6742965176306,0.7184870626809061
625.1185060061566,0.7183916715475797
740.6022438085425,0.7181766349960002
1025.873076740582,0.7180663023773216
1065.7022342033713,0.7168339158422145
626.2396084674987,0.7184251867063527
639.9907568788728,0.7180188691356153
569.7740939853223,0.7178009867677997
761.5468229956704,0.7171069638492342
725.3679108616839,0.7179527280551171
939.3674037321659,0.7185027542082719
825.1144905261826,0.7179869341292581
765.567471730383,0.7179952556964062
565.8888741088929,0.7177337864229182
548.4027323441481,0.7179285061623072
591.2778866348579,0.718095260949108
370.37488716473064,0.7175798587709152
524.1534845514823,0.7181974737727435
552.9256171981352,0.7183329277337133
876.8674366365359,0.7181237987657723
515.4596512244075,0.708519267716305
284.16946940634375,0.717824071199799
545.0502363886259,0.7180580461629154
643.101264183674,0.7175862909013014
495.04564017704985,0.7180321636096039
619.7336879555468,0.7184707560786963
722.95989790648,0.7184539536262866
892.282118528833,0.7013808309363259
1073.6781108681585,0.6514373149626036
567.2668936057231,0.7060224328965266
827.7324095679803,0.7181916018896656
469.3652586761825,0.717739857318705
314.8502443136503,0.7176160394911432
788.3912251719255,0.7182336421441086
863.8042305468924,0.7183296493591491
1112.438995558106,0.6410963218033936
735.2875121315798,0.717810808220202
841.7163908529852,0.7184765749688041
564.6401386510937,0.7177941738693921
507.4154991576562,0.7176711521589773
382.78488210775106,0.7179642734777101
412.5084031055011,0.7182731744956534
239.14771954688297,0.7177658702968414
884.8339736139093,0.7183961911050633
602.3591857674015,0.718264208728805
493.6936068749849,0.7180254159314805
490.3938814692491,0.7175915295991603
860.6057118779537,0.7179679161398119
770.1799658726401,0.717916840558435
945.5615873831797,0.7042274684348964
290.0466230993161,0.7178086759037112
993.1722982686786,0.7180030192350005
486.473974205637,0.7179607967655617
979.1926647651482,0.7178138601856368
463.012540574798,0.7180575053158356
617.6310440999923,0.7176181509953008
667.5634042151996,0.7176458274109955
745.4041766638805,0.7178969904510921
549.3159316639723,0.7183093067515084
574.0565831494323,0.7178935030907307
400.99921055254316,0.7176131761076376
955.5351841583326,0.7181431376580005
920.0631454448079,0.7177866420952593
835.5463520841214,0.718437428320537
862.2280213766201,0.7175813151645475
1275.0881982968672,0.718275191522361
769.6820426085726,0.7176913207265065
679.2982595684737,0.7178105434121906
631.9507607363502,0.7183358876375798
962.4702021856019,0.6632354026223422
701.844883657657,0.7178395300090705
914.456816831904,0.7179002967396287
1245.3274842826704,0.7184224200123991
873.8565748525257,0.7182604767302034
540.8670477493351,0.7178425268369004
784.6028774764656,0.718289781357269
720.4354335907252,0.6932861947573813
722.394961491022,0.7179898541263006
625.5049524462954,0.717973247626608
937.662494789095,0.7183226718865134
610.6339579377577,0.7062563633161553
719.0111838719768,0.718446998400846
811.8034075700841,0.718053156787092
703.9366698056142,0.7176863420480095
869.715466079602,0.7184046116975104
1063.8760996045814,0.7183169364718905
848.2693135357991,0.7182626324606215
528.3557808740626,0.7178204956633684
626.0947182162181,0.7179474714398587
441.03702758208175,0.7176716960133838
480.1912239229702,0.7180082342097024
650.5927901436638,0.7181105937603205
344.8857341774474,0.7176671739267777
364.17451312534627,0.7176535470498461
514.1408001391197,0.7182646361593507
904.2539151751967,0.7176720586690695
851.4120465614758,0.7183210241409071
388.4741181378647,0.7178951858764119
1185.709384713243,0.63321797882864
575.4078235167694,0.7180222861041918
562.543143006892,0.7096039287519279
655.8067682656383,0.7105764428598861
800.8860551558435,0.7182043999561362
613.5508209510144,0.7176041134121395
598.866092777552,0.7124776199161615
920.1379527289769,0.7178344742212599
1097.2394189403653,0.7176542181359384
819.4680516517162,0.717672530745479
1035.6566602693788,0.7181317233613762
783.218869500607,0.7182443836288083
795.9117515623766,0.7178063840838883
454.65082028827135,0.7178100045235253
498.39268613564985,0.7181037511312748
950.7880191209076,0.7007957928406331
667.6273232059349,0.7184303734057325
685.1993954745608,0.7180235083206634
946.4123717970588,0.7184238619568369
208.75725935685927,0.7178352643090335
1029.863745905915,0.7184679060022658
998.5041538773282,0.7181609808569281
835.8498299743652,0.7183215249863009
1189.216429631411,0.7183548223906674
692.1112298775261,0.70085376612517
950.330358125507,0.7183215540416854
859.3579759464756,0.7175415465513337
317.3073348796791,0.7178161176598392
987.3435181978911,0.7127681915386862
524.1483581893889,0.718323110801108
751.208722954441,0.6951016550933471
735.2738717838135,0.717649358014146
916.2874079546448,0.7183820635910239
465.2575879945283,0.717934414349408
483.1236186839954,0.718148701816877
506.0321338775498,0.7178087597652754
838.927114689883,0.7179957418672895
661.9687456841993,0.7184458520987741
784.3659954160836,0.7177702505008936
609.1194890590968,0.7183533203257978
657.3564932411614,0.7181879549184734
805.6238709927087,0.6965937849143162
751.2513817913771,0.7178446383851336
510.17163573629944,0.7176611001140555
1099.7311806691075,0.7183533175528155
480.1707379160344,0.7182410982083858
592.6795913631225,0.718236415298472
740.6715319134502,0.694897678415604
1085.677154590539,0.71780629161469
1142.014614655008,0.6827516725832387
793.4313926875652,0.7181331156481531
535.2244786543602,0.7176143919262757
531.9904600751943,0.7176522353782815
586.0954764623557,0.7177104154623265
707.1534314190028,0.7181999156764828
454.02799595238616,0.7181313554431639
493.46794382255484,0.7176440778327698
623.2491490351854,0.7182441103090824
655.7924204595416,0.7182245441022055
242.7322789104521,0.7182698250011365
455.25782533603694,0.7140194147758571
643.5926650564423,0.7179485277422719
675.7800633619728,0.7179748798824868
526.90194416073,0.7183203215905207
518.8538020121553,0.7176229236153472
696.3072642853883,0.7175346483662214
947.4217079093792,0.670229239601951
773.0187423871186,0.7181265160149927
887.8985501966038,0.7136613665009209
575.3629049230291,0.7182291986309062
390.28120395290034,0.717539697203454
839.726511846611,0.7183100595936405
489.46787512256844,0.7177288398053644
661.1595085488901,0.7182038442937324
907.3127886539178,0.6006883885315071
514.4388192586662,0.7177213782223889
261.102716985302,0.7178589748747677
753.2639424008858,0.7089435225563026
850.1850479732092,0.7182574657763624
432.3846890760013,0.7183573990132114
670.9399950927079,0.7178620920808477
637.1638137009932,0.716343380421924
519.5242905121987,0.7184629704420787
426.4833647920975,0.7179148854652797
568.3396104038492,0.7184774736109756
368.6762752061869,0.7176237548562862
837.5953551088309,0.7183500685350428
624.8159949106955,0.6997576923982707
875.0069657211711,0.7179936525620044
307.1049171059227,0.7176440651241505
360.2868678724534,0.7177835200223294
586.777861354353,0.7180378502358316
495.9451639786716,0.7184758118578956
743.7112515055143,0.7183433491599706
608.2714643922201,0.718307628871583
258.0086480756342,0.7177523350191949
863.405265848239,0.7177699235153691
610.185036021265,0.7179321805529262
723.0031648538677,0.7181026327613802
634.9252122428759,0.7181375235382772
738.7807819984246,0.7123376962589594
554.841345116755,0.7177554955898268
995.3897158581537,0.7178403712064414
879.660801460516,0.7180597684494212
395.67291082158164,0.7179592008122777
896.6942846663881,0.7176838912163288
1137.2288260556575,0.7178736590611471
923.6981968285123,0.7184767929095234
594.90664350068,0.718460840494918
976.1458038206925,0.7178616661169751
673.8441012384452,0.7176524041162745
448.53505218929985,0.7180890698308161
498.2274892487494,0.7183940128558673
539.8337161917082,0.7182415285160172
386.79254354610936,0.7177531773321132
604.2488556368384,0.7180470188523415
562.3154082831037,0.717670824467151
449.6683575587758,0.7184187480229512
297.3179354932162,0.717897570581158
343.0155458792787,0.7177894591672911
920.717033526491,0.7157177490983124
522.8977886216326,0.7175659765639192
167.0477993630764,0.7179716079318934
482.5444969702298,0.7179240369870595
730.2740462508401,0.7183718001695024
786.5253946046117,0.6754269053684914
749.03889454639,0.7185005710320127
487.5738942656748,0.7184175188816929
1045.6774321781922,0.6273499036974313
539.6511549303742,0.7177280928699323
652.5941473252997,0.7177613571419458
611.5563485517997,0.717570557098766
366.4270398763459,0.7177713515291432
819.2704013956082,0.71779536418326
573.6495644503665,0.7183653523424656
689.2155877724692,0.7182077659145599
817.5535335027635,0.7177165744236742
788.0843775315384,0.6957194549463013
721.8756365552085,0.7181322130953172
898.8516609516905,0.718429975870132
709.8340187890076,0.7183782142478425
468.0172595037931,0.717842435922878
764.0131892353135,0.7179936755843329
843.5485925630455,0.7182485619413713
954.9805540217009,0.7177240992709721
581.1070967887634,0.7180547717748642
585.9753149929988,0.7117769006588048
927.2403178542838,0.7181412427698978
470.4871640769262,0.71822794301421
753.711345741388,0.7179105931928289
794.2138273143431,0.7183047489487816
1102.206679454484,0.6669764120500045
777.784159214872,0.717997519405055
716.2760960154458,0.7180264054369412
384.3741064242693,0.7179360194415145
840.9371567226558,0.7142563107646319
1142.6410554899146,0.7178931344590835
732.8154750969833,0.7184056916943565
614.5521513575941,0.717987240235469
862.0670164946966,0.7181288463838682
842.1946682529585,0.6644096796923505
989.4703751101911,0.7184783435881159
594.889241543345,0.7177638477309077
811.1794796665853,0.717928575133499
839.3201755338728,0.7091958441419184
678.5907226923963,0.7179646601876345
1221.670067642577,0.6748838783261782
634.9442919303901,0.7179565062062181
831.7533088875584,0.7181311611852831
612.2545017511895,0.7177137477174206
1164.94161218759,0.6609514625612412
747.0687303313545,0.7028436882768027
870.3664747565856,0.7177754437561747
570.4273133795758,0.7180522530547732
671.4887161897141,0.7181398284850724
373.1350908825262,0.7176270399776338
817.293435535346,0.7181859778301776
701.4906079212661,0.7179035152874318
342.08637217998927,0.7177539137447089
279.1089138482752,0.7180578370935357
761.4458152316407,0.718150128193384
742.3033069066697,0.7175488780910039
652.864304047873,0.7183668881616692
527.9914094263834,0.7182931246598322
398.39035222217376,0.7183747298181212
1110.8423211363347,0.7180097633309873
601.2279875877832,0.7183088223428203
944.1425372676958,0.7061117385836851
935.1609948298915,0.6976432431987205
649.8019671205309,0.6699277321716959
731.7997979670163,0.7181180783587767
746.0325744127822,0.7180358281850328
466.138927858362,0.717821838403335
651.3364498378838,0.7178535276877087
473.59584895154615,0.7119686399684082
536.6373873339705,0.7129100721838163
343.1964159038931,0.7178609274258281
1122.2235950030845,0.7176708282669448
495.43795961542827,0.7178408489015498
803.0257120988675,0.7182951234446983
492.0517018169822,0.7177614309989833
719.6088532333213,0.7178192897594516
894.2144808155216,0.717922508404197
515.3509032115027,0.7181557611920393
486.41263319373206,0.7177101989038743
1103.1178427231619,0.6914627843619933
465.49234260658955,0.7179236693327599
769.9675936469084,0.7175411444959228
544.4012250390144,0.7178455363873363
722.5491720600481,0.7184462816770801
1036.4561493223596,0.6876409556820229
817.8755998411084,0.717817348991759
587.9116561162674,0.7182375342814685
1294.695451086969,0.7124508878970849
864.2066784393637,0.717969102665583
544.7532822489511,0.717934645632934
662.1211326474134,0.7184789443347459
1115.5358488504748,0.6915076903926562
678.2603082611926,0.7180661864884486
775.5776228831892,0.718237549842337
1242.9181826302029,0.6461589107771459
641.9804335367567,0.7177987914926997
936.3778464592743,0.7180495098655022
714.4866965980599,0.7183021511471732
377.9946515987686,0.7176146345023029
851.3648872360603,0.7180943811208456
593.6588783670173,0.7175791032122923
643.5056630410884,0.7135641059269834
378.7620625254175,0.7176176161809814
611.3772947225157,0.7177297378363771
584.9597380858825,0.7180318997731593
632.1964925594593,0.7182624556338963
735.1871134465731,0.7182032685199085
791.7341792402641,0.7179866275010801
519.366068428615,0.717963312854563
1287.6584239980323,0.7183646890960191
399.02421811732785,0.717981665075403
738.3735716132139,0.7085237111034275
546.0707025726301,0.7176716082216179
702.2022659362062,0.7182556242720914
705.6405215348452,0.7181124880406758
913.1331794816055,0.7183553133880755
797.2478431793747,0.668743106489645
544.3129771807095,0.7177346711687931
999.590434097707,0.7176390811830651
506.7133623217052,0.717965785245263
730.6253085726233,0.7178082062102719
1234.562988959103,0.7177472329788585
424.60406397586183,0.7178843749926394
508.15340074261314,0.7184277984992752
1000.5812658949898,0.7180211120739023
423.6275018785277,0.7179233064840917
288.9721392004138,0.7179439755047118
556.442984913731,0.717612588763195
557.6614090359004,0.7178808430474486
499.62632159899204,0.7180643417790471
888.0122816870598,0.7176905918923173
547.5999497059161,0.7180702957806735
694.7549697109471,0.7179281997159959
725.728202140012,0.7159042636773717
766.3137035810928,0.7184322644821828
794.0543450032211,0.7175788470999187
710.7973019536417,0.7182465064977069
822.3743074400192,0.7184944213528482
647.5336951298247,0.7180796519957084
824.2848934927065,0.6900328648799283
643.5985891566698,0.7177700041906395
801.5892859319972,0.7182100268225557
999.6771130186097,0.7180288500742592
436.0859190306792,0.7182022729829625
948.096019159677,0.6897383600792684
823.9009957875842,0.7183782292584718
646.2722476599681,0.7178822110840463
253.55079360740686,0.7175893968078941
950.7523526842937,0.6960028822217684
660.8860976046525,0.7183867509946139
583.6132190740043,0.7177231987111261
540.5870637853408,0.717826099088422
427.06328258101234,0.7177019344587166
833.6951723443503,0.7039737257859452
1093.0522631686972,0.6825408489159004
688.8185940062582,0.7182925698832747
346.3840432894362,0.7178743800263158
728.974430296063,0.7184668959647547
396.77005245191265,0.71764601832886
661.4597935421066,0.718346342988557
765.9366362053203,0.7184903500953671
468.1517540174437,0.7179924438367917
1239.4290196590387,0.679211400721133
711.3443008091489,0.718433577203945
367.3226736589602,0.7175803345371572
429.5192551171833,0.7178608438915679
990.8372991596825,0.7184030635444094
492.6295882175925,0.7176656330277829
562.3361135238757,0.7179304857131695
788.9601030654153,0.7179318510815973
537.2995101268624,0.7182395225297353
513.3041757168727,0.7182779507358922
951.1792887075529,0.7178149356419713
891.7461398431617,0.718232696298739
541.1286137163504,0.7176403215152609
457.1092466234651,0.7183020121804352
491.27900250310154,0.7180590806126464
850.1356178992903,0.7184293191648872
954.5263637536723,0.7180945406488204
575.3849503943793,0.7176779129295126
536.3179400328128,0.718325790446845
631.0207732719766,0.7181682535691922
1010.4384055387379,0.7176391761137254
599.8274152272095,0.71755987745405
959.7810793005779,0.7184233651112714
676.1927660547323,0.7181633820558123
682.5862463698245,0.7179945619942469
506.68036635463733,0.7180951710382778
896.9436027975561,0.7184666188268902
710.1957777038907,0.718170508111069
670.1378192811691,0.7179352944872095
1047.63877470468,0.7184536147787672
550.4657928599356,0.7178471837153589
773.3484984862366,0.7180736981127
459.7015363193313,0.7179053921490116
675.4066314645019,0.7176199655362158
1355.0567269921758,0.6659804631365349
1471.9806456326442,0.6530232851122333
481.84991857875764,0.6790286031073123
621.2713770521154,0.7179593401398345
708.5761708300348,0.7181787697473664
485.0799183866625,0.7179812484651747
649.5811729859229,0.7184575663682695
650.4098327953265,0.7180768733430506
446.50042543307154,0.7175811046886174
640.6054308044558,0.7178910182790612
653.088319714476,0.7178532770696707
601.6611681509647,0.7179373924878869
542.6381340053913,0.7180428136158212
516.1715114209765,0.7176366584589315
711.4712844176997,0.7175718922173518
750.10639004925,0.7183936378012202
392.93765992686525,0.7180182131811984
801.4097465380833,0.7174657650898582
448.24385466706025,0.71769235182947
713.5744567702314,0.7175886689479503
365.74442960815264,0.7176545753667595
811.9632239089669,0.7178393098160432
397.59865826587344,0.7179177570595583
1051.9303473722043,0.6968887063099469
470.72826102580916,0.7181657026954962
492.05368384824294,0.7180613087505934
893.3984808139486,0.7012666927250936
762.9576601124033,0.7182776969390515
400.3464672482625,0.7175660876485255
896.2216914455366,0.7176673903916782
457.80647533507044,0.7183567518046494
372.96115285511496,0.7177650499826597
833.9541714757886,0.7151448753279187
568.3356839193007,0.718203674344738
811.3300005529553,0.7180068107403952
688.5914606615423,0.7182386582564382
495.0057982957176,0.7179246207561963
726.0080408440203,0.7180502329671831
1066.1664237780626,0.7183051917086816
683.3099113124526,0.7177135900048744
499.6108972774058,0.7179082803425147
732.674900149723,0.7179435214005156
1179.6819235718242,0.7006177362344377
435.9515613725875,0.7182663122565167
356.03915304358,0.7181081451745966
933.9231459563778,0.7182176410657902
607.5720806560619,0.7177786715958376
890.1420681292698,0.7181869517153721
771.9154943677729,0.7183270070284139
707.2843031074224,0.717721989306008
917.7471812263701,0.7182263214412157
712.1755007251123,0.7181629051975108
377.32416125900977,0.7179882335383504
385.2251754361567,0.7179053361595846
395.50866469648304,0.7182230766252785
536.4223369803259,0.7177499148117634
560.8037883006547,0.7184324385900558
301.8037648166297,0.7178511267192209
658.4680813808891,0.7175964167413564
539.497147470767,0.7181355186087217
579.4432570011995,0.7177125238666002
650.2334425403812,0.7183598226431958
923.9181412272634,0.7183384804943858
1246.0955453469578,0.6794514124601374
1337.1131963851467,0.6836744068937526
604.1820658801473,0.7184079242241782
639.8063882454454,0.717883273432673
1005.6286056589946,0.7159611153243189
806.4108286150806,0.71799414413648
772.2539608761407,0.7090834065293787
561.0766779766416,0.7178826497037575
597.4170629244516,0.7184026347444364
836.3997635278047,0.7178218463222275
373.0803002165739,0.7182833070666147
655.8440598240165,0.718246578039012
440.20987933009326,0.7176108199837394
503.65000016284125,0.7176549741589854
737.0422895271995,0.7178920105832052
939.6269220079778,0.7180152728960161
184.97190943406835,0.7176148408562705
949.1109237536457,0.7181866305273031
572.4198910535058,0.7179320847053724
589.0840244003987,0.7180184989096817
736.2907562233463,0.7184618037935508
712.6585591213513,0.7184917766724451
1034.8191018167765,0.7018301304999118
491.9910258671461,0.7176784147690838
857.7320906345759,0.6648643203742115
818.447384705064,0.7074374295947712
826.4319046733636,0.7178742606090298
783.0663673380673,0.7184738979659511
667.1054809092194,0.7178884283671402
1043.293220265242,0.7078285429173372
641.7575964318634,0.7180228941026235
725.7496809661156,0.6987425329880949
492.468785584249,0.7176782075508316
568.4900048237585,0.7182079741641508
801.6244439640366,0.6832174557730821
947.6319988192404,0.6966576208581751
1004.2189326301298,0.672801127155344
907.4759424078818,0.71758472433575
754.5443732930587,0.7175796895929746
707.2838177707432,0.7175892863103632
724.9774676527167,0.7183832165184227
781.4161484606944,0.7178284286499298
523.2715733085682,0.7181907409431197
822.5235165155507,0.7080844964431048
715.3437692549613,0.7184146489515283
873.455903457234,0.7184363424312418
534.4937349924654,0.7183990838487644
699.8402806712342,0.7182892287518198
438.0665441084283,0.7184208459496451
535.7129260030331,0.718362909948882
497.49369240082757,0.7181786183371056
589.9999552693137,0.7178647533581444
738.8254347145717,0.718474353594532
734.663522677717,0.7128652561932923
390.54768296137996,0.717553409833077
666.1024494745427,0.6779696660767297
563.4730871744993,0.7180588149071198
371.12428619239597,0.7183272708170846
1097.214433443845,0.6610840297372161
303.1810097702491,0.7178459171905371
858.5247691050184,0.667524437085129
882.4370388071217,0.7184419327504099
695.3343629623914,0.7184196035782326
680.8406977109116,0.7184159469934797
942.6264934480832,0.6852853384885746
710.9244267764427,0.7182111553491617
585.2370404913919,0.7184928979619395
745.0892629063089,0.7178627989862415
370.7204384864847,0.7182686963235567
665.6386505181698,0.7182374261157637
796.9820789764638,0.7178256024870372
1194.3158720563501,0.7117143893448192
1089.723287436614,0.7183812680631111
481.85084487657855,0.718190955132802
606.5078232282317,0.7177610470635071
532.0507034597297,0.718103899972521
985.1076652879058,0.717977276019898
721.1886398374601,0.7182702582291319
981.3649333830492,0.7184145110678924
509.2216894486257,0.7177387798469154
743.0404364295498,0.7048778680875472
485.771625883237,0.7183925070282801
560.6922674224842,0.7182970802922142
1004.2443079209785,0.7120278643553877
689.7804278343629,0.7175551529983751
698.8261567244184,0.7179694173596368
419.4578708046624,0.7176403503159735
613.2087779446091,0.7182126936406019
205.63199055043958,0.7176325028031367
538.0219965596802,0.6890936352469637
727.9205381408493,0.7179709990024294
817.211657015661,0.7183245241825553
900.0349362006107,0.6617372728411001
662.8040720943558,0.7184781384546137
512.2777473692405,0.7183312407267578
804.629568893228,0.7183749243540252
886.3085821497348,0.7184241742553142
502.5960329235391,0.7179777262568359
992.3584926757642,0.7184153380622382
897.780437223307,0.7181500866854854
699.7751494358467,0.7182741115691823
988.0313910111395,0.7182925078321898
500.5914442691023,0.7184877644833226
620.3518209616408,0.7182864567234378
805.9628255457544,0.7183117866358114
503.15115313661295,0.7181538752581426
498.20087348944014,0.717671228427262
629.8708497568992,0.7180434434162423
801.4461914872137,0.7176606318543546
1055.2786756094715,0.717722386168809
443.5142444564158,0.7178686908678654
794.805157095236,0.7043715675529
501.9257571563364,0.7178984633342564
247.26531999047208,0.7176305451480689
687.6076419616189,0.7183928271457265
887.0493241402319,0.6551161865990778
651.944815348913,0.7184787219947163
510.85973887303925,0.7181243307349818
954.1219886706897,0.7181466313883325
596.0106027767181,0.718500413933071
501.0484161353453,0.7180159810134855
484.0643801626882,0.7182650304658568
534.1869190199169,0.717576721136977
255.85631318447452,0.7176546033482191
862.1244655974738,0.7184169486929289
767.9914735379476,0.7180243719191295
1097.2858121838815,0.7182639168734537
705.4727556746003,0.6715798217116344
479.9150849785924,0.7178635706845593
694.3439550188405,0.7176247205222381
772.8151593509044,0.7183432611322014
485.90941188893885,0.7180919814326384
741.9825539208332,0.7177340086526175
349.94357961736284,0.7179734727220144
487.91198217230993,0.7184504523901563
800.5423821340058,0.6728260050112879
345.05150281475505,0.7182328733657416
675.7315434400381,0.7180081796918667
880.8918191950639,0.718093093184437
634.4997442412972,0.7180131366364801
526.1804754970752,0.7031897971719118
792.4354392760124,0.7179493614341544
1151.767191655735,0.7108740404417507
826.5667300824789,0.7180936664317943
1019.9455706621384,0.6824929068207862
917.7214380273297,0.6930008412170584
549.8748060319133,0.7181026633078711
592.0904053155738,0.7182264512532484
739.6704421974789,0.7179329835384043
810.1338804132715,0.7176068775174113
475.77785879034485,0.7180154760496698
337.0931350523056,0.7180161804759103
526.5195651448665,0.7179573043267702
684.5203068796483,0.7182984666868271
682.429803852927,0.7181678993918436
938.2203387643212,0.6829961336995071
632.6791761962149,0.7183756628282777
501.6491906130455,0.7183732627670241
606.0264670816323,0.7177098467323227
688.0617846138381,0.7175380769319746
659.0070426694632,0.7184219245713506
959.0171923827652,0.7178633639013672
827.4798867764393,0.6936620586454856
488.7790516519821,0.7181098935729427
767.2848126531272,0.701351070071912
442.6295264639826,0.7181508990432337
801.1167975277533,0.7184443206158604
568.8976763247832,0.7176593163049234
485.1500534812053,0.7182129772857115
1393.5236821100568,0.7182722416256324
905.5649593688555,0.7011822492329363
514.4551234854467,0.7182487916805615
440.59655295883795,0.7182479437935914
833.6753705751704,0.6877307416638586
898.2472736130165,0.7029547607907876
709.1968007538312,0.7179951642024114
1038.1099852858817,0.6367369378153466
754.0315794308958,0.7181543313210145
575.851243059584,0.7179550995253279
1029.001848597093,0.7153203013442461
482.24475687648965,0.7180976968843898
513.600888646612,0.7175798959400609
688.4298551390627,0.7180048887436576
550.1547062699533,0.7177151816860249
545.1876402005331,0.7179717174663092
665.9917007139037,0.7178768125168635
876.6705845097869,0.7104563621622761
563.1516458436633,0.7178991196905367
856.9380153004761,0.7183258507703651
597.0264193173189,0.7177329429921312
623.927844692945,0.7183242747018457
408.95965233428336,0.7177680352627949
783.0707408037977,0.7179229211407372
1016.1068078364144,0.6974568764419035
756.5240980972684,0.7182928166084521
424.4826133987938,0.7178697032394521
796.4686556456295,0.717576463986671
701.9223574791994,0.7176889676922811
762.2447274472821,0.7181583596613469
361.0554325116733,0.7176416363917074
644.070868010014,0.7182912717424448
980.2919324484997,0.7178311205717499
702.7344934487878,0.7181727105478247
663.3000541093953,0.7184891747521963
378.18815681599847,0.7182317043423642
192.71214197224256,0.7177878042442828
503.1653030028798,0.718212170349198
331.9585761294876,0.7175938391900559
502.50549372857716,0.7179416720345383
625.3906660989875,0.7183587497843924
831.1792586723748,0.7181214703420139
676.8797227401102,0.7184344793801372
343.9396268411853,0.7176326135604958
814.4802999677617,0.7184372442305649
579.9154625039296,0.7180403419675131
255.27508396876902,0.7176272851187199
1137.4749101637008,0.7178754509409233
699.4367195205598,0.7182090542170837
706.0371557499254,0.7180405348755059
551.7419280706132,0.718405693305654
1069.7494227891095,0.6739866035727368
679.7951630495918,0.697298089715153
725.8903554621093,0.7181661874595295
569.1306876951521,0.7183823656854028
1170.7128550065845,0.7182434971707871
645.816921358779,0.7183307364404007
862.4504083003447,0.7182846177936053
796.7482676735364,0.7183259640426114
789.4536324494504,0.7180613652830453
792.0405118257305,0.7182250432635726
423.90623735399663,0.717960167773046
329.72919832695663,0.7178007319437959
613.7103187861078,0.7181228725186387
768.1948587312504,0.7180640645968828
468.00459403512684,0.717585996579042
1124.9394787739805,0.718482067593595
445.47735685007535,0.7179848163339049
616.8147261860781,0.7176848120462052
796.6336731370304,0.7177150962187386
607.4212305117389,0.7182399522816527
991.4106470279416,0.718220818818386
587.1950807996025,0.7177531136975778
865.7099632800863,0.7184286553235623
488.5033481440246,0.7177437787743648
1028.580280946921,0.7135520208035995
778.5733975780573,0.6976853253250827
1270.298123577579,0.6913914301370994
885.1596994656184,0.7182661052250869
438.5689698819112,0.7180921109368208
1162.7469282467723,0.7178724090929506
713.5568416393897,0.7184961711623548
900.5691849775175,0.7179831332942518
473.95530307656287,0.7181616941025641
812.7014867164921,0.7179299577841513
1217.6371209455533,0.718014621110138
958.0094552383791,0.7176547457240271
759.6288220091748,0.7183519228101471
923.3827214977914,0.7182385535406265
863.5451108004648,0.7176172338658069
1163.0240292284132,0.7124713906820712
1045.3690159255816,0.7184905821297691
718.5362482647828,0.7183118084988745
791.5310305052773,0.7180267052698512
584.469748987353,0.7180903925241444
543.5892758617082,0.7182404224042821
688.8853178267149,0.7182121677706984
794.2628489261954,0.7178692467656921
733.434555399888,0.7179302176273088
764.5243179789352,0.6993586975266284
1286.7780546402605,0.6881800423728255
999.6732179051388,0.7184089413834821
693.8636983982066,0.71832122187985
517.5303896398397,0.7182639336921199
572.3469680692659,0.7178546159555492
790.2045339747256,0.7180117462411769
835.1676313894629,0.7087870352738281
488.3006235961568,0.7178052551255664
586.9672369266561,0.7182102990419257
586.4750887976069,0.717914743091519
661.9226300781655,0.7178138429565996
784.4737087310656,0.7179033349853667
720.2389598584466,0.7183449865865453
462.0209728435186,0.7178923120569801
820.6362933999083,0.6985730450808034
1082.2558348489142,0.670642876186394
1127.4873223908712,0.7179864308376872
522.4700447319912,0.7178680465146381
559.6870915108027,0.7181632478405904
708.6182573238157,0.7179824441783721
908.841976332473,0.7184352764969434
546.8957536931869,0.7182714770978197
710.7665615251174,0.7175744746559349
763.3700812040336,0.7182542607346465
892.1440212160055,0.6991316163420532
669.8407764605987,0.7177620465038284
815.7918860528547,0.7177436960733434
490.60512812181486,0.7179024766585272
358.8109453102916,0.7181571032748674
558.2499376366761,0.7178150690095597
592.7608110457421,0.7184049754735761
1015.3474854657971,0.718300237021014
573.3483980071658,0.717744253341562
780.0633385086597,0.7183364490344388
450.3744589706782,0.7176696768959908
728.387152125078,0.6853103335049653
613.9091390806955,0.7181042290813783
799.0712037103035,0.7066476087257796
710.950685661365,0.7182379846928897
397.47248788335247,0.7175782287479272
641.0247849920281,0.6957177335744774
534.3983961613852,0.7177411286747967
592.7946490001381,0.7177708417743689
1177.9169346686806,0.7179800388599316
888.7645925319032,0.7184247934169185
668.2640605652873,0.7181913289123636
393.80466678305675,0.717819407014257
585.4412393975615,0.7181512206877053
911.562880002798,0.7179857979473142
1157.1045483044213,0.694704787466905
636.9254784104616,0.7178513928299822
847.0269256457022,0.717848280597585
789.4746916262859,0.7182372154826129
885.0423179741842,0.712033614631127
548.6254371892409,0.7182863830846911
981.0264266702557,0.7183695109279693
837.279816924281,0.7180259723340374
818.6683106271389,0.7182821142536848
1130.981062532463,0.6649776249581428
1051.694299181452,0.7180604056907094
994.7090003879391,0.718345328183608
399.1884928728536,0.7178895032037708
355.3584648836333,0.7178258878477545
891.8158818463484,0.7179365648599657
901.6571814106533,0.7183566094426649
462.62090560453044,0.7177139085379203
900.9476826136163,0.7183365724046424
677.7256102195656,0.7183036311323077
708.9009684031606,0.7177571194772818
1223.3680193020814,0.718486288572417
1042.5971237386352,0.7182212538960664
613.8623490175394,0.7182229701887416
339.75278178963583,0.7180668615518757
426.2776016386323,0.717777250073897
1109.974840490317,0.7184189137177526
638.9789412824235,0.7179869843393605
747.5724416962314,0.7184169865816581
787.6611502894525,0.7182002688706596
1157.9776118712648,0.7179300534741002
634.972344244671,0.7184219831910904
901.1755500960086,0.7182620395318557
652.2003424694524,0.7184940077359211
1023.9914461874241,0.6964179777954753
1001.5754270748035,0.7184381166170453
730.4084867577209,0.7177995706745272
541.7926814580825,0.7180698543737392
515.5942219966812,0.7180464342709091
893.3203377074236,0.7178947794080172
442.8658515773952,0.7178597295320098
419.495755993163,0.7181062253881887
961.5950257963761,0.7182250333727516
683.2974620868666,0.7182711951189218
300.98490560583923,0.7184897435050475
1099.170332103823,0.7183628067036055
807.1056210019013,0.7177087594455521
547.6659454151272,0.7182395384186765
657.6430557797264,0.7179700968663468
1101.998416991768,0.6796608631854547
544.6940831323539,0.7181679558763336
594.0457772083696,0.7182517101033065
701.28325389211,0.7180540453762045
562.2825350460205,0.7179967924689665
1069.5481120512597,0.7181987317027853
659.5810011900129,0.7177408971787445
521.4143849837965,0.7176376941896984
655.0934545028067,0.7049647430778326
1106.060926554782,0.6879851593595682
598.2668473726786,0.7179356460552214
430.6066695950384,0.718375538639353
763.1962312706844,0.718251452966444
169.48085706373254,0.7180933766809724
719.0816284671017,0.71343396301209
647.2287400221566,0.71772796418365
526.659962206335,0.7179293690895393
568.4903761890079,0.7182204245994274
638.8858658509216,0.7178505093205164
780.7238929850407,0.7178459455014855
473.02554002817925,0.7181289729482931
1379.0172734524613,0.6519029658204106
380.1624793673313,0.7177244120567896
1037.014645653826,0.7183015901014881
882.4421422162188,0.7176393204644591
784.8089133389126,0.7177186839098862
755.6289218642474,0.7088761405579787
473.4440547630383,0.7184171386265058
268.9622260571117,0.717700356691641
785.8302088215019,0.7180494579574865
149.08155585826586,0.7178762118348014
521.0614408371714,0.7177334167786549
686.8265493132282,0.7179695418584774
785.1052285338187,0.7177507852611255
523.4585708283655,0.7172517930718982
424.6055585897617,0.7177093299234762
756.4377797248409,0.718088950284593
1389.6399046075487,0.7184395056072501
664.9984902896308,0.7177625961273353
469.2601760553669,0.7182838975855549
1019.9500025392672,0.7183615326100062
604.3507018190153,0.7177142311519507
967.8044223989533,0.7180023182433642
960.2327896861618,0.6852922438146034
706.9912618900605,0.7183991899097162
574.5009217061325,0.7176542297130982
1065.9342311744124,0.7180875262102402
539.1789298458032,0.7183601032232411
604.348595003355,0.7181416920829875
900.2045325228712,0.7178191190595342
739.6597906365781,0.7179496162429396
641.4319305000422,0.7086587601821542
876.4837479637896,0.7184143254092624
1152.2599946350779,0.7176668309508263
727.2977541242722,0.7183336097086757
1142.576744919484,0.7179034658564863
640.4108885658776,0.7178987828716796
520.7252703344599,0.7177640311825273
775.380549027003,0.7179591838650367
582.71882497823,0.7182425890611921
511.6757510045195,0.7183378137500778
734.7205363389518,0.6939710884958559
959.8456617947589,0.7065443025632262
879.6955694737666,0.7181467362187142
1220.4085196113977,0.7180430333002609
744.3713470167667,0.7182068035795409
642.2728433986174,0.6813176074495023
321.5005177308626,0.7183807706856425
822.4211808602269,0.6685851842627017
608.4947848666659,0.717946507918806
677.1356979387087,0.7184083915172285
829.8869348016323,0.7136521591708345
333.19472882465516,0.7181619071907354
805.7237759367949,0.7180685708118655
574.7321651640381,0.7179965442200418
298.0112808112047,0.7180818342359254
984.237074915287,0.7182451594079423
583.0336747797093,0.7178673692537926
1025.7837506942315,0.6736385939711776
748.3385521628733,0.7179756420920214
935.0192530761503,0.6653152789117736
665.2418626699579,0.7177716776582107
1084.4715667620442,0.7184621122615759
646.5801409311828,0.7179123687644956
576.0527191032894,0.7176595654431205
868.791384795971,0.7183340004595435
773.6458063905706,0.7183006970870032
390.6074133376714,0.718471414799574
602.7422062320544,0.7087817867373831
203.2324941510324,0.7175829249975376
595.0811337380552,0.7179448501613656
537.8571631703896,0.7179738206080559
813.0609852297823,0.718296069357858
1100.5715430810308,0.7184263195405044
563.0430853564175,0.7179394406925502
318.74940155731923,0.7179730358780372
621.4400639552188,0.7181957015883899
978.1032169302256,0.7181087838035936
756.4713935982467,0.7183022011288052
653.4516554845061,0.7180617095854875
540.0312792886026,0.7178991732948703
439.5520557583569,0.717847627179805
861.6891660853041,0.7180466040916936
1009.9130778078772,0.6881643540209305
415.4148389506043,0.718097946841799
885.5268902383038,0.6925737376225736
485.02435539358277,0.717929499866852
1150.0822216350518,0.6776790316355383
477.56832646987397,0.7176675336525282
818.7301887525601,0.6642776530694642
426.24879775405776,0.71778235322824
440.17296058884375,0.7178368513657892
811.2681348678583,0.7180094850746614
537.0421785686676,0.7183524890515758
986.6049870482757,0.7180683614415724
1025.9531608084458,0.6833531731609178
733.1322365353,0.7181932281313405
670.5371063989768,0.7178073085334479
893.6007388129686,0.718281767944719
723.362672837691,0.7177628624832603
547.8911901660279,0.6935403263037788
1012.6081924119411,0.6868085228263998
802.9193025936763,0.7182086742098366
1104.4421631503988,0.6918483253983791
503.74433280933704,0.7175715570408147
598.098027347874,0.7175475627655356
526.7292317381808,0.7177935447602253
712.2683984546102,0.7182751005472274
991.7230524937409,0.7177061446782544
481.8475610664086,0.718353463507624
434.75064740343544,0.7182187218800543
1183.62222337069,0.717969049976566
925.9107603367204,0.717886886219562
671.5006010510166,0.7178592242902005
574.1012191285708,0.7182800572993169
1049.755359923432,0.7105252954919782
577.7646645173222,0.7182482057156537
665.5308406154068,0.7176644350441211
1010.6630206137847,0.6580424535374332
668.9750631161943,0.7183229458059653
708.4983668019988,0.7182028401097461
696.9004502976029,0.7178582281011879
905.4660651397462,0.7177290572823235
684.4638030885093,0.7175508915244568
1450.2296412370233,0.6403875861153991
849.1694306154793,0.718059092889726
687.3233920325046,0.7179583808044456
742.7713595053551,0.7114624375159057
359.50799891631004,0.7180211981616579
673.061704617787,0.7183577249574012
770.07445763073,0.691884735519146
592.9022198610875,0.7177564033168452
720.4399286491595,0.7181549067247975
1397.202965507889,0.6349842563364423
242.04865854059028,0.7176491061130935
564.8507848086668,0.7180087668298901
853.9279003888174,0.7182374105614675
454.29857672449134,0.7183553051842827
619.1393393501178,0.7184982703230273
868.0901001616734,0.7176488100842305
1073.4326450085985,0.6778628209952303
232.52034254083424,0.7178612594203247
406.25927088129066,0.7181100057003271
497.41456149820397,0.7176608006388603
849.8009008876031,0.7182021249787041
485.46686679266827,0.7184736224194951
377.98222120927295,0.7177435797235112
563.6395330363378,0.7181811023348307
803.508033296041,0.7183280779392508
596.5402533921608,0.7183035325599444
925.3125003932264,0.6466078810911228
355.4846641470659,0.7178432288038633
475.52983536398887,0.7184239420902162
953.4140918944181,0.7181592788251454
537.105679044831,0.7181995364937043
750.8809575102757,0.7183767153587685
782.3602829796605,0.718070715247672
619.3546240386098,0.7180520843343272
782.8576480367975,0.7176983319495425
940.5847071952949,0.7067623570857164
695.6759458269892,0.7183465252082546
1030.2527619477576,0.6657254604845815
1026.1618399859024,0.7184744108700241
611.5787820673911,0.7182592809407468
524.8150853784445,0.7177549616589711
531.4614837104363,0.7182826755286505
349.43863470999247,0.7180482177575094
760.780296401535,0.6790240671528189
784.531398185899,0.7182134884320911
511.05259496595914,0.7177226993574344
806.8324988247148,0.7178680524357604
395.9115408066519,0.7180020718559086
407.1829224088838,0.7182131922542584
853.1660911784013,0.71799073351543
398.6106150531929,0.7178095701625158
480.82133794380206,0.7180693247732444
820.3331413009721,0.7181972299668165
538.7543240860902,0.7169242036244571
663.2819214449053,0.7179482370798496
445.2669592085823,0.7182586685754423
761.6368448171742,0.7179416855950216
766.9902620122593,0.717968828237216
436.33553513859795,0.7179362630310511
631.6507472941131,0.7180456792911396
363.2966939738629,0.7179208864623144
891.6071745061032,0.7182636389893646
328.22605042784187,0.7180328011743603
755.9923444207423,0.7179892807474169
775.2423945618367,0.6782488277851417
323.7540456002077,0.7180187992974452
653.2314998268389,0.7181068487234171
562.1488043053015,0.7179851416173567
684.4134654576976,0.7181798041705014
754.7922899820703,0.7178142457533656
651.831772842298,0.7163253342407024
709.1728703625566,0.7183870345708029
637.1575979981033,0.717664174155036
808.853808687029,0.7175416220889625
670.6261357764195,0.7177765184301551
740.4953799406005,0.7176216223546004
1189.1236882123785,0.6740745804485069
1213.317302258459,0.6475683191684102
646.4898401012741,0.6935998459019361
476.8429910343718,0.7178608879158769
252.74190238379654,0.7179894402254098
495.5069969910228,0.6742327747835886
1346.0553133020792,0.7184924353404654
1154.8550748724779,0.7181270252110611
744.2362624580702,0.7135365296550314
819.7335320647392,0.7049298787721382
622.521644351886,0.7108122217730077
661.1992298374685,0.7175663635607707
558.6684689880844,0.7184457851693503
550.1156183868987,0.7179975443410178
916.1860675069993,0.7175674391062314
675.2394475653299,0.7184764686933247
787.737493507882,0.7182843619937967
222.44451288751944,0.7176376844011791
933.7397674218437,0.6852680738922612
952.0992887639952,0.7182566611790876
714.8088797627316,0.7182930232422883
811.5204964033871,0.7184261757607097
868.4696866532933,0.6769723518292978
532.0237527883801,0.7182899825736796
662.5586637141299,0.7180421351958839
1093.0266908604349,0.6481089562199857
617.3371642419432,0.7181310982166793
596.4783215660701,0.7182509813583279
638.8539648285328,0.7182369460557465
638.7494751351408,0.7177704466928136
494.97075705928495,0.7180685773164378
1004.6265074545721,0.718382260937422
567.529185552513,0.7178081028872465
447.4518664897002,0.7179063425214868
339.7542232224158,0.7176455056392234
590.487117601624,0.7181304597382575
652.5102585638249,0.7144298816905749
629.7210044493695,0.7184274518472928
846.2980188527868,0.7181296260789984
391.24622224371336,0.7182986886101099
747.2147349397002,0.717804780021833
704.9405597542975,0.7179039975125548
458.21945476438987,0.7181376147906469
1122.458808431512,0.7179906912964981
693.8752049555393,0.7184358975465241
409.4927516204509,0.7182503772206419
889.357542638776,0.6434243998039029
534.7204891096702,0.7185016992444062
919.2941597703241,0.7180226681188685
957.1953732462773,0.7179266383627465
1034.4921088000121,0.700710447488136
744.8665402236179,0.717816600712807
598.0099411622458,0.7178378944641072
1002.8115372450568,0.7182008218520909
479.3033199117235,0.7183761429144555
548.5135695872887,0.7179789949649896
744.0220543674626,0.7182180268392345
918.6421455281991,0.7183675130637462
1425.498166636708,0.6948229494775552
1191.6846290846183,0.6958839342708333
515.5118105276358,0.7183652628249293
571.2741559332192,0.7184053347334887
690.84911729145,0.7179481260593022
751.1286520165655,0.715571062860669
725.6866949345228,0.7177975580088548
640.4076971460977,0.7180494415484667
763.3995277588334,0.7176184533840629
464.77865311942077,0.7184975193772267
876.0038120500255,0.718475126355808
361.47230815286724,0.717977969837789
373.02282020763215,0.7179360562062028
894.3574257399526,0.6502299563348768
789.8027875014163,0.718023318574183
657.232016811487,0.7183318808846667
664.7683270676985,0.7184711792634797
868.8224355005892,0.6789605327975551
488.8688384515608,0.7179990458219294
522.9465580928627,0.7179749224422943
490.2313708937006,0.7180781022267354
538.3236082237572,0.7181088813723098
402.6190675928952,0.7178142209782425
652.6361785465449,0.7184984241527126
617.8546447232346,0.7183754678679273
344.7106815844326,0.7179822902665645
1114.8126123443983,0.6520108737540916
695.1813599747336,0.7181812419333412
994.258033847447,0.7178363391405711
698.33448672093,0.718158585688833
424.27806931320197,0.7183992956468515
1225.4739879129331,0.6469418927357622
933.7556582768832,0.7184723090890429
1121.445358151546,0.6746209464573961
926.0309132306991,0.717732607543255
766.2793286846595,0.6706570268448809
967.8443621189176,0.7181710524172819
663.292126411621,0.7182999136062204
649.006605053979,0.7183054735590961
574.7527319970726,0.7183608231023975
426.628812604131,0.7181181423923236
918.878944990317,0.717876381177313
1014.6284857183177,0.7180586305145417
953.3997440878566,0.716151693395247
563.8678607933794,0.7183243705476945
911.7114101156714,0.7179326609232319
619.5373717027303,0.7177210610228196
567.9896077043339,0.7177264825371937
777.2996313110613,0.7179230580330843
742.0106981966634,0.7181841192622718
539.970214689565,0.718195552989262
786.3893562133786,0.7183580563862277
600.8531364978502,0.7139251307957087
649.3958637102704,0.7176120988095696
524.4105369795601,0.7183578681984882
788.5952040443224,0.7180660398725788
869.0861998628858,0.7178762173910002
889.3864487807799,0.7182701014371293
809.8365083787075,0.7183768361198709
630.297320138639,0.7177258224867861
363.2346589669657,0.7182735304287011
832.5306556070195,0.7184818984854181
547.6092061641382,0.6871394350375516
214.57974883743324,0.7178708201807511
831.1692807508666,0.6625658172620579
603.4760924082897,0.7179663993091578
596.711113306321,0.71816697708272
565.431936941579,0.7183223504326517
431.56428150577983,0.7182056865146723
697.4716294285138,0.6850574399490363
1077.4823076361838,0.6799688918052363
507.05699215492615,0.7182578706516851
470.93806723971466,0.7176582388535212
530.8347496865223,0.7176488134252427
669.8116101915687,0.7162988055683015
845.933098995167,0.7177702111450108
728.6521072174851,0.7183193728819027
561.5356958972366,0.7184254949683317
628.6733721833693,0.693949546762203
503.58390225738395,0.6725139093037998
652.3019554895385,0.718396929044796
712.6819429699669,0.7178595361513697
541.2585610377857,0.7180726480177962
944.1475643924102,0.7182860515854057
875.5607938824403,0.7179859972292175
488.0565746015062,0.7177683375444458
690.464878567047,0.7177541710056575
1011.7940685959552,0.7177567867962829
664.8691730556633,0.7179133095893575
684.843445160463,0.7090492669040205
584.1798508378433,0.7181427449144638
509.1392371231523,0.717856083424764
1001.8739507729229,0.7184299140626633
520.4743385454049,0.7176618641173008
569.2883764804599,0.7179848147686122
790.6849919243573,0.7179014450053884
845.252943871364,0.7014497791729043
504.63396312738996,0.7184026855178743
540.3372630185692,0.7179120964614224
478.749560317334,0.717737389370179
715.9915442018421,0.7177211336302495
492.8599157220317,0.7175814272676024
554.5304179581543,0.7179680997069822
1222.3567482717892,0.6744933983082319
586.7413702265327,0.7180560592647042
925.0529508787926,0.7184677492848145
525.5101617982149,0.7177829474179552
913.6593368044945,0.7183613960990253
733.3130061594987,0.7183866370619428
623.9587902765772,0.7181903281374709
1021.2738263073577,0.7183936452666659
531.6761141153756,0.7178802917452695
821.0876768730719,0.7182806498555149
968.2219055201075,0.7180015927150188
963.7255340986569,0.7181676447999916
713.90599842252,0.7184751632610005
1204.9470857288793,0.7183724572313815
745.8554340971175,0.7094082317833658
748.2211629193033,0.7182490238540354
438.4911964592613,0.717851113254563
561.3730871779647,0.7179102886428353
967.9153626322387,0.7181623390356552
656.2881066918526,0.71817492768873
1052.9327543201994,0.6820782881370019
829.1200683107954,0.7178744221668193
855.3686583395541,0.7181568397234517
382.2893242314894,0.7097786767520264
784.3496629591915,0.718462494550187
905.8922059792953,0.7178104755958689
639.5539133318108,0.7183666094620544
1146.2121911083666,0.7177850654508564
525.1052583047812,0.7181611345790572
1320.3126059895562,0.6949014256767538
1252.09826707475,0.7184794735361825
661.5956547309094,0.7182638490349823
617.7936562515617,0.7176619839807368
654.3318325676263,0.7184824811162884
475.1903013364927,0.7179235891614145
821.6164548376116,0.7095368513430289
696.6247701688054,0.7178815043753132
454.12021400132926,0.7180653485129863
956.6131125816073,0.6843618659580334
570.822472224402,0.7177746512291324
393.66507234844414,0.7177923374241878
537.9598543345159,0.7179072615518088
467.20154949278555,0.7182224822022168
835.076516863252,0.7182719487221232
804.8880571450825,0.7179898856106522
1153.0433616523114,0.7179552008571691
473.04534623712453,0.7175776537450597
826.8877701895555,0.7178216465885923
577.8886446495185,0.7183683191903714
581.7910757518323,0.7177901989053731
838.4427279825434,0.7176003074390332
562.5515526632365,0.7178807148311163
857.9794685873057,0.7179712657735156
802.6286693704633,0.7180654139104374
866.1110349634392,0.7182866577713202
763.727783349446,0.7178535532171597
751.2379134401634,0.7172276329460026
855.0398428637628,0.7184883036051063
522.62444633088,0.7177146780160923
822.304659439856,0.7175606372093096
470.0585752199411,0.7176106381710983
889.5846785414054,0.7180541244158164
771.4976051588351,0.6920823003190716
1295.5212779190208,0.6439732753321566
337.9732050473081,0.7176097996460374
637.7753841158107,0.7182416077859384
512.9672944879633,0.7182540401789759
607.4253570053328,0.7183806878835391
835.9978677628422,0.7185030238306003
554.5082932605324,0.7176473228565203
1176.2001109742619,0.6598524093475256
1119.632506029439,0.718208976929473
954.4946344220291,0.7183665913764243
1438.3254423191463,0.7096585709534766
918.3599830524153,0.7177614730686598
778.0144087391673,0.7179383714033001
331.0032805930007,0.7178371073642804
826.0090770734173,0.7177869938724326
521.7519135609757,0.7184067080641471
931.1215543638596,0.7183839514553211
271.7767071280057,0.7181289106036549
785.0604810090384,0.718044057814427
483.6306449689784,0.7184911451730195
622.2262819731784,0.7183809658730387
658.5537767731922,0.7180766858012672
1149.845258635372,0.7183231832910139
715.3585569368631,0.7179885608411162
807.7204012644586,0.7182748422658224
926.3896704168333,0.6566946803514558
528.468627343789,0.7175386280672027
670.5883336182112,0.700485682690334
649.426834217445,0.717766337246078
241.40241827180276,0.7177008545783691
819.6049945933532,0.6972591317493994
379.1646139481825,0.7179318355217643
775.9279452694916,0.71825085040091
751.7889406232753,0.7184052134111765
949.528634083102,0.7181220815036813
505.2652968346922,0.7181008543224368
577.6653887730599,0.718260800812706
831.6791475973246,0.7175691795963294
746.7014221452497,0.7182661943777846
1400.179277273422,0.6443996469148038
667.5537922201403,0.7177943144606452
630.4280583774212,0.7177928726672124
602.53998304416,0.7177664484282575
900.0101215196535,0.7184998384427791
500.97266809251283,0.7180373424144121
708.7108225620046,0.7176913430664968
301.95303714466445,0.7177646875462615
246.05609439972636,0.7178395216798732
759.7046428432236,0.7184496915709023
491.4052529955922,0.717744572662143
998.6716599630106,0.7181498920742933
539.4282329482344,0.7181970680236943
801.85937442056,0.7181068991840088
457.9534309459351,0.7184410146178545
1043.5846596625697,0.7183551089824924
923.0462151674644,0.7151188379127023
331.4070648780947,0.7177878222196348
1406.9982110304818,0.7184708882629542
689.4714268752313,0.7180821117158085
1200.989617801345,0.6698141768764162
487.92691476224127,0.7184768474132242
965.8999297356663,0.7180587296400452
500.785919461752,0.7176298344185776
834.473142601419,0.7176259853671767
373.7304554310116,0.7176696630752046
751.142012729535,0.7107495326567262
690.5221671517515,0.7181170937972181
820.5886469597948,0.717579193224289
650.7530621852372,0.7183101786525957
827.095765387716,0.7097238647395682
587.8668894227559,0.7176982492773234
767.1765573831462,0.7178738035650378
830.3973481616032,0.7052289657022849
749.4427117616497,0.7182144488920007
1320.4975856380008,0.7177450004337548
1311.7322910577627,0.6678347020333459
687.2141905412544,0.7178316780846754
624.8039619760638,0.7175597700516377
1140.9811087198,0.7183907319762018
395.43765377297655,0.7183887478941146
589.4635289272238,0.7177015073135518
1095.352893435152,0.7181500849455409
1290.7549075020697,0.6824184732467078
1143.8025566647855,0.7031414087911089
776.4502756330576,0.7177694756252597
535.9976671651652,0.7181082898949266
698.7318434503067,0.7182520733266355
856.0714620433353,0.7124220552925584
740.8220842625774,0.7177188070140119
915.4437392423384,0.7086239680010423
575.5262243787632,0.7179137762986636
620.2483688472463,0.7182763624537232
582.2321559326913,0.7177611699651951
427.04599302423924,0.7175358128274438
472.21789081721863,0.7179075723646334
888.5161802387859,0.6896361168266033
796.9415537015918,0.6938257531963583
636.7251438694329,0.7179323865229503
708.8596725902615,0.7176122861085561
943.0628431087821,0.7184397399829974
682.9593284497792,0.7181662620145595
897.7577248099758,0.7035977879289915
647.527254598765,0.7182241275990187
428.08130590702734,0.7183077776071845
864.9665561786067,0.718503791518211
748.1727749292833,0.7180775528258557
781.5700522741691,0.7180668572721964
616.6236268370964,0.7179844458700649
455.7308216457837,0.7180628312164096
700.6425173027121,0.717996282548286
426.9751232146428,0.7178679444415882
1038.9967921909927,0.7179059590811903
865.2692809820901,0.7179462755825385
701.5868368073707,0.7177330873780872
412.0092177026043,0.7183123140108846
941.1596328491463,0.7181541914686634
795.6824268628388,0.7180857681053937
847.4613131366616,0.7167340227703632
692.1899284334906,0.7180930171222688
976.8473861069219,0.7181640837757285
628.8175150000872,0.7180794740883437
543.6048354393162,0.7177664474589512
1100.1661376562045,0.7080073241326618
688.018963014998,0.7183170986336292
639.8002676278918,0.7183193645359846
711.9427038869842,0.6896132420645594
498.37231712222433,0.7176714220953463
1151.801359323761,0.7182558717638386
820.2409386890041,0.7180565237762916
615.26528292347,0.7178192091318845
404.82491005524355,0.7177915658923185
966.9830820806527,0.7184422279816617
852.643097352666,0.7181958007052384
576.8752853229304,0.7182177488934636
799.755351327749,0.7180527726330181
1213.1434916894827,0.6963499140128432
544.1455130484215,0.718042004053983
753.8060785899852,0.7183392306751484
665.1858231019646,0.7184946803708107
478.5979345023077,0.7180177101068422
750.6536697539982,0.7183892106687533
677.8487918567092,0.7182043103307016
660.282164966477,0.7181414915859335
825.2096536247165,0.7178657247093755
963.1121653177518,0.7180947700173823
768.6988214943741,0.710037630114424
865.8047397141742,0.7178341478898045
538.6426097955363,0.7184307960654788
603.5484182446924,0.7154888375675007
615.9357918736521,0.7178717755575421
714.3023350628091,0.7178501834813287
1056.889196720782,0.6343948514216964
635.969575741146,0.7182988748876206
1061.2611453554468,0.6693046215235169
633.1267534066124,0.7184095509552042
779.6160491599203,0.7181120049352709
433.8830450968232,0.7176614130350716
845.0794260685901,0.7176521006652652
587.1038076517663,0.7180094516956732
452.0335088578542,0.7179519092226105
567.2373843182178,0.7176069292811336
557.4396168369229,0.7178894294354294
917.757326861584,0.718352989406071
576.6686529485755,0.7177349315983813
625.6847700687548,0.718473558096489
662.0189010250199,0.7181694536415717
519.7668954096366,0.7181366843790099
409.6720862959841,0.7176670949006206
376.75855304039754,0.7178692098706864
585.6105791582047,0.7044510205161869
804.553423611497,0.7177670558235909
498.31694736405933,0.7176612565475016
455.52338169843097,0.7175343533113685
701.4780376577397,0.7178445790209327
719.0988409191112,0.7177317932028517
958.5235804282678,0.7184834957823197
1126.186236592499,0.7183830379597845
329.52163769115555,0.7181397786052985
483.6503529416012,0.7171937395773708
364.5939679127841,0.7182182206863524
609.3790136229302,0.7178161620014258
982.4055428328323,0.7182576827841742
1123.905697498962,0.6870083212593345
511.4300542093872,0.7177871473885817
884.2553455412341,0.7180876316670133
475.5466560139223,0.7178099564595755
635.9975757893019,0.7176555751268539
554.9202747259259,0.7180080642500175
903.9438850908883,0.7180698038008911
311.9188029274272,0.7183368850573454
1365.1251858733804,0.6964970138282656
821.5102999641291,0.7181587727958771
808.6997432821272,0.7183128055399625
510.5083388545163,0.71782470313111
874.2760012829506,0.7180832182655661
551.7056606451471,0.7177040344681159
681.8188414367837,0.7179551175061926
763.2948615074959,0.6865450599683128
634.7940347045236,0.7184349197648221
816.3206479863942,0.718115602575012
672.1262909529182,0.7179866311596361
855.3884796029672,0.7183581608539136
250.7375036261,0.7179064331778852
1058.7109373213839,0.6696614343569525
804.1935781464067,0.7179494885631026
645.6298496831404,0.717640136583583
614.760108254073,0.7181505813043282
300.37766346673607,0.7178486481719302
810.3000915731774,0.7179361572732635
458.77089986170756,0.7179856912186816
691.6848538534673,0.7179310095043014
789.2410176283829,0.7182170327376427
427.3908787057197,0.7180604751141355
585.6290071204734,0.7176108334440359
799.7158905697737,0.7179261397826374
403.24572910622504,0.7178084457459845
1004.8019313015033,0.700581783980146
558.2971751245107,0.7181086674257465
806.2954331110433,0.6900218724762011
745.4365207278745,0.7176558068229076
974.1313359339819,0.7184508498568848
886.1767204601219,0.7137478482446109
488.3216367416172,0.718297269920784
359.3918344446019,0.7176012876503886
636.8373006398667,0.718183475298095
643.6393813308881,0.718076181210984
1064.336244640256,0.7176790228670284
560.3314776803619,0.7178639948851709
915.1416919053636,0.7181203346554415
363.9757626411531,0.7180890682170619
192.6342099161013,0.7180334206456853
732.4361097471597,0.6579297298498381
665.6423628518854,0.7184407337107415
833.6563578865189,0.71796131937335
486.74402181748417,0.7175735398031053
804.8904724713333,0.6935231011367189
821.8131693548156,0.6976702518588984
553.591549320006,0.7180856151300438
717.9958694968707,0.6986693338134127
450.372661850426,0.7177819717543388
372.7798697341136,0.7179046192967614
736.3888400244147,0.714325735213421
952.7156284850421,0.7178597999275751
607.5909145845824,0.7178003510781079
361.59080911330216,0.7176665350458379
1020.6906176834241,0.6856246383633918
604.9461049254985,0.7179265768602275
464.98257820439346,0.7175642059393276
472.77361606478803,0.717740635105769
300.472206641293,0.7182614781617381
757.246177158497,0.7183866050275608
838.86001008584,0.7180353206688734
454.7667028224661,0.7180058254308536
1125.2713023778513,0.6998760645883102
840.678591494825,0.7184358075721599
633.3040288214559,0.7178361077074991
899.8649155338079,0.7182219992090811
930.9970133770087,0.6850286227072764
769.1652340639595,0.7177980267503161
874.7140596968968,0.7183075971467574
321.92666296088856,0.717843622341622
971.4884598990676,0.7180663588978926
477.1419728396599,0.7178076922454807
781.0205432525696,0.7182974285910246
1663.44216481606,0.7107998851988768
567.3872630363013,0.6996176934808886
852.2484168543795,0.7177880006445333
925.5108382304975,0.7179100904087867
650.3761897234874,0.7182084817475318
660.7376726422592,0.7176261225596591
767.7812587089674,0.7182718311459613
430.72861252376407,0.7183989933673876
661.9907234664161,0.7179901728467949
1063.1024265619783,0.7178674827595286
753.0126519094828,0.7182435401390241
947.3448333627032,0.6726096289482791
453.35212479939827,0.7179867192377584
714.6891065147522,0.7181813048661809
573.9115133943872,0.7179862982129888
793.8147981881897,0.7181098557337314
1021.1603695624044,0.675280386232971
476.48055247760635,0.7179661707243694
909.6652581589307,0.7181325643191561
946.5059254594503,0.7184770781891746
718.1664714436666,0.7178927086667266
983.6677607603738,0.709229267130951
447.08573837838696,0.717673362755686
920.928342569355,0.7178590526786651
795.8124112767398,0.7182193135258838
671.915188854528,0.7183658239715937
729.5972157574081,0.7183806938477231
737.4785969186855,0.7155437133969271
763.9635415867047,0.7148619876865785
640.7926264189106,0.7179521469494936
207.80666648442627,0.7180497629469985
402.39842019214336,0.7181807953871585
1116.6727926664278,0.6980973257975737
412.07775857102484,0.718315486479623
808.4205560805358,0.7181010383580276
878.6536292438258,0.7183033745905673
1061.0333415397135,0.7184595522487945
1049.4881274809331,0.7182362261280433
1103.6672788414132,0.7182538960430237
422.0167984981766,0.7182418907530496
1067.9138862333136,0.7178296571029932
