Capacity,Vmin
1328.9262246302067,0.7011826091160737
1078.8701484424612,0.7579486161918917
1617.90808668853,0.7570008202453736
1236.955277130504,0.7391871223135078
1002.9687854794228,0.7323189792803546
1882.6082264514978,0.7738307748801304
1346.201519660474,0.7298157997662613
916.9784528206376,0.740519671906601
893.0660478516077,0.8141803910501437
1478.788681867606,0.7381074938658024
1256.133803987721,0.7347307089896528
1888.5076693733115,0.7150900658606343
1038.220489458192,0.814057723262781
651.0999233262198,0.7757771156838976
1215.8286616516468,0.8141132947340346
689.6223479692002,0.8092080057051114
1254.183536397651,0.7784471301247289
1654.9792163871164,0.7241338165028007
1321.7836959203366,0.7730683166767534
1631.7530477353876,0.7713534708224645
891.1485721189762,0.7732364522950019
1360.9940434055147,0.7152660831291525
2131.475794067958,0.7105880111504993
1469.851020790534,0.6945186844032709
1523.4275057776354,0.6872126344988373
1166.7962075386645,0.7431665702591513
811.7845355672678,0.8044960320228763
1824.6236704505056,0.7156651017813784
1112.2920451034486,0.7581734362325656
1253.3019913892176,0.8141206877211801
1442.649093174961,0.7207883749449807
610.9031664084195,0.8143240078818073
1752.3468643489941,0.725953752495372
1361.9837402867452,0.7395180991724595
1276.4393433239075,0.7930702716143903
1123.4655121445917,0.7706323279844884
1195.1358132442438,0.7169000694899943
1467.300167300075,0.7384923450723895
1007.7217259741038,0.7463374155989475
824.5869930417357,0.8142575410965776
1479.323673780274,0.7314561871244901
1660.1982274914715,0.6810554685634242
1192.969319205731,0.7948797346300326
1526.609398371858,0.7634979050905708
1363.4965238588732,0.6830357869557161
1228.0777532402005,0.7771728157891578
1398.2917903471912,0.7135386852031295
1490.6237379848776,0.762971562003908
1204.1834989836893,0.7632181152497162
1516.7837644196927,0.7168743904514319
1288.8290605949305,0.8130912431393296
1467.2482830747817,0.7178588594265235
863.9063652286509,0.7294577928362893
1142.8178437075644,0.7155739074260902
1082.9447793799045,0.8141212591623647
1321.8178209984264,0.795444307616289
1356.4802981601201,0.6791990513534784
849.3582159223782,0.8141424494723343
1406.0305878327008,0.726470852084129
1737.6355156124034,0.7737828798785781
1300.8108418255265,0.7743533788030564
1275.639222058398,0.78955169333675
1337.1215201839923,0.8013042993601917
1126.1258198577773,0.7910800663391373
1228.5627810182123,0.7649856345496344
1066.6376058430694,0.8140558549146892
1072.0773890802584,0.7942721104523809
1206.6224521983331,0.7623670203553423
833.1273582139684,0.8143283825909942
1509.431460670729,0.691006723474768
1225.540468434241,0.756872225043662
1123.1303877549315,0.7371832648040355
1096.1090402543741,0.8106511133540656
1101.474213507342,0.7254250339179493
1027.5204838621676,0.7892935040874389
1530.4747185075673,0.7065364557979005
1774.540526246461,0.7300667908614488
866.4223880240669,0.8142037575466204
850.193043535208,0.7914053107312587
1458.6658956959511,0.6959382435098883
745.3968652989678,0.814208929473062
1248.5388941355027,0.8140785053360879
1342.0864200631734,0.7861070929916303
730.2456309865563,0.814198988530859
1115.7350067345394,0.7737693181012365
1345.5798693967101,0.7025000100358706
839.6569193278522,0.8142278284837984
753.0130541999376,0.8142180110198652
1181.1882687576824,0.804590998278325
892.4392983429516,0.7443021077920134
1472.932641497919,0.7502388977142473
898.0712533177943,0.8142282482258334
1083.9882462931748,0.763616250806121
1167.697666596516,0.8133205591465312
978.3608150537902,0.7828688178635245
748.6761891351873,0.8141435669887354
870.4535814872116,0.7738840169503297
1327.761329183299,0.71284692396214
1034.791545625073,0.742024679374118
963.0374746615585,0.6969119165885043
1056.6453280269075,0.7578465491070723
1458.8206543836852,0.7527767925606897
1183.0420817196846,0.7904454962205407
1351.1618702369992,0.7262683167458122
990.8206780586189,0.7808237570246983
1246.4851207950933,0.7302502228281665
1293.841126997167,0.7657653238714894
1722.0778734113997,0.7728436307767261
1486.3438042026849,0.7163581148989033
1528.2890754320383,0.7407934787952655
1909.309336610353,0.7144767114009403
1009.9410539983769,0.7436716482937685
1124.3992860689377,0.731900417039008
1257.8111812262057,0.7498977297653603
1441.528077467618,0.7598562082494472
758.0492828716289,0.814325378283701
1536.914691373813,0.7177560511143489
1229.185598023113,0.6793435222669136
1564.299835634902,0.735262943255375
1784.7789905535114,0.7092278325298154
1191.7356952684445,0.814165306559137
1655.9179964116893,0.7485403698800058
1359.030016944664,0.8000700860099224
889.1621212827894,0.7331882797809072
1298.0793664814332,0.6827156628127617
1459.4584210972873,0.7042206888981739
1581.0885130843058,0.7320019622150279
1348.2676806589136,0.7611707559869163
1341.8239968094194,0.7383316633282725
1541.02947057671,0.7774649277138104
1183.8386029833987,0.7852054888651929
1238.7582134535637,0.7925196969206454
951.9223183086447,0.8143354135340835
1128.5577134489404,0.7938502378319461
1453.5385110871262,0.7338016828617309
859.9415309502376,0.7703478064264365
1671.8343557023618,0.7907972069503951
1214.0810600797868,0.805229219818359
1177.6955826951294,0.7563511329947934
1548.7089935754448,0.7570481919877707
1428.6109489661649,0.7765043295281563
589.9926245487096,0.8143464276189284
1772.146287065339,0.6985594584667572
1519.2277072508484,0.7415133747848073
1277.6034899139597,0.8135465244016936
1115.226962968417,0.7799183625958862
490.39633418058025,0.7580444227898212
1384.2584271351566,0.7868512811690564
1654.7285634451791,0.6841071680139968
820.9657743961411,0.8141955504657391
1437.160422180745,0.6804785862977377
1467.4634223102832,0.761675602969398
845.2689683256749,0.8140615825764408
1533.4377589366009,0.7956634541955614
991.9047570273917,0.8142095775063932
1795.3683444586143,0.7128324108925935
1682.0297515906502,0.68164901407205
1876.0017945834686,0.7041306521650629
1268.1751133343155,0.7177978325642245
1403.8682664375688,0.6871605955682025
872.709025874047,0.7764320801539324
1298.723687534001,0.7384615098633176
939.0359112288279,0.7617034376761915
929.2581786292392,0.7892386884052809
1488.82760841386,0.739822296881113
850.1666898669054,0.8054713099092066
1206.7700185095357,0.7447779219925055
1055.8014852740512,0.7718351114231373
1921.9061563326186,0.7195614961460604
1712.8384497683235,0.7472550106263799
881.9238435736055,0.7355211878920744
1163.127231806776,0.7863783882290386
1725.879518506188,0.7079437272270354
1008.7815393753986,0.8140923032113417
1825.708860936947,0.7303979446763041
1260.0746868168796,0.7412116344163439
1133.5755126117879,0.7140941589684684
1116.1751132906857,0.7774948587559286
1844.197286170587,0.7133668989758498
1386.1036157863832,0.8014085727084956
1058.931048952989,0.8141197934536935
1209.504411141451,0.7796639598245402
1153.3167315236165,0.8141990559106428
997.2236310026558,0.7743047609524133
817.4185547439575,0.7306352778730842
1841.3994090253439,0.7805732243330628
1061.358663935242,0.7493959275044911
1191.2313725908243,0.722821816019809
972.75419986918,0.7999812474903958
1455.854301136023,0.7472274040880337
909.0034288360526,0.7055501623000974
1937.4321088891397,0.7166684721972257
1574.7110941558817,0.7257186136830218
993.9736520728246,0.7901572662796561
508.5740596701885,0.8143943602673002
897.9001129069758,0.8052130736050546
1106.3874659036892,0.8140824203734621
1739.3488157804131,0.6968162373987836
1108.4245298519713,0.791541093758067
544.6762786502209,0.8143610384600698
1167.0638591844531,0.6896335763743806
1412.463499589751,0.7220470750888985
1181.763114519966,0.8059633270624144
1147.0066690060703,0.7882684092302397
1746.7310016857973,0.681602447720752
1647.2632987683853,0.7216575011066924
1056.0911013589607,0.7954283675515453
1408.1061206034258,0.7353358755411272
1471.7910777505717,0.6849371633649998
1202.0936731435522,0.7503408947634441
1486.9268615276794,0.6942095670203479
1227.7853739458174,0.7109991386625203
1368.293345045894,0.6991898068305064
1552.4877920574304,0.7405209828922535
1077.014986093078,0.741914450855102
1146.361719696118,0.803999840887937
1181.1101006136535,0.7405258031419004
1673.1326500882865,0.7514381544268454
1544.153529251569,0.7171339215789415
998.1792088615217,0.7806734229348785
1424.370916900229,0.7141582274621083
1460.327718451667,0.7902957319024008
1841.5817793327672,0.7458641144313285
1140.1658431119579,0.718042564558559
496.06948300025897,0.8143046766264165
1556.1353025280475,0.6807220407943657
743.101109002585,0.7345983846799189
1031.9468169812926,0.7154148320972558
1689.930753159269,0.7117128880423488
470.62167901667215,0.8141834503840163
1420.9038882791008,0.7330763452018779
1378.8170319537578,0.7220720215248825
1184.443364191972,0.814081803239752
1697.7533054428259,0.7123302981752966
1107.50350327771,0.7426682454327345
1322.3551490942302,0.7143065328631644
1535.3444137146532,0.745587711087444
817.2540823230825,0.8142317770370914
1013.0395683590771,0.7334986508118693
1390.104660424077,0.7019986024115817
1002.6666461026241,0.8141412287928508
1190.3399617770488,0.7155275232712622
1207.3843465545065,0.753291179679647
1185.8748762582486,0.7205455954505173
1497.6866475639674,0.7240653570836004
835.1966241311061,0.7165700312072376
1588.1697760107882,0.7123204839503993
1542.5220459868206,0.714754911288017
1252.0033329694259,0.728619490592052
947.3536810001194,0.760952325118007
1323.4994780099769,0.7701933236417001
1146.180365332898,0.7106156765891467
790.4570551411698,0.7144721846238038
1502.0301199627468,0.7483871369241226
827.7186843798279,0.7952619234930558
1274.331958541246,0.7898198755660906
1340.9678793044022,0.6993476249229261
1196.736052298637,0.7925946776648484
1109.512769446164,0.7786670212761034
683.0498495343179,0.8075828860694094
1197.0940041515162,0.7625690620576309
1284.3041938911301,0.7650379787019147
1056.8210472218243,0.7662730870389739
1723.7711582695704,0.7170355022940391
1080.8115614287278,0.7967407670960628
1382.7436848893688,0.7153715925552427
1505.9892509285055,0.7327871521103725
1264.090102008337,0.7344932386919281
1563.8404017484388,0.7345843442079403
1114.0182657445023,0.7515883177202908
1747.2171025894183,0.692394344774459
1530.3902139574377,0.8060931922250881
1260.418651944734,0.8140700771003883
1646.7987574034837,0.7303544511003821
729.6870314725141,0.8095414277135509
1724.8687633350887,0.701060860479924
898.0690718318102,0.7951676570833223
778.9868104821976,0.7922378555362678
1531.769234199894,0.7153043691929426
1210.080437299783,0.7837360883475815
1113.1342787058609,0.7530655344388922
901.2142930433229,0.8140924370046687
1451.6307706332586,0.717839054969284
1567.7786342974134,0.7037666660712414
1346.2749699612987,0.7663259356397444
1376.5726034942224,0.760410517140394
1602.6992738039264,0.7233361527563208
1030.8262280651702,0.7580873669109072
1573.6070525746939,0.7199772658749545
1525.6795747003935,0.7327832360092761
1509.3567578758623,0.7636759849535348
1551.546386391632,0.7062285884551237
635.8448601312975,0.8142416211472244
1322.2365042190595,0.7179092025941417
892.6170181824516,0.7278043085730685
1003.6076277379656,0.8142462032864506
1229.7594530774436,0.7684421627178587
925.0189628233927,0.8141575965608447
1639.5324759506022,0.6822234662286489
1262.0908014244192,0.717083245518731
1552.0607425196463,0.6886391978685917
1261.742395073993,0.8135218685494892
1498.2965674409731,0.6978863753208915
1016.3808744606858,0.8116751151985299
1299.3311312323058,0.7515450852737999
641.6113024569097,0.8075611137052329
1296.7733375940065,0.7857370210638893
935.6166812723468,0.8140909940999619
1259.8398245006292,0.7946131458543632
1269.3701568603933,0.7509895713328892
1180.3165051079834,0.814174121257432
866.6301771846595,0.8143260826398484
1103.4192962015059,0.7776400442467253
1024.7965737173724,0.8119724590066018
840.4866668350024,0.7075529789138004
1338.3476820562923,0.6984093495298742
1630.0580868524044,0.7819640195788116
811.3733156854851,0.7704334558772377
723.0396313883298,0.8141813366329789
1587.0901239513298,0.7452354995042627
917.6548069694184,0.7534308354140481
1054.497334758541,0.7954724170089398
1170.3202882838382,0.8141047409013825
1870.0289243579875,0.7360052859983542
1189.702459846087,0.7676353979618105
1334.9860649373586,0.7619946712875673
720.9331361792786,0.8142853006095188
1177.6605433103914,0.7758287072247039
1117.5325089138917,0.8107967958820365
1688.8855364819642,0.7047404980685742
1071.4405007981127,0.7454870543043641
1333.870102150981,0.7624426392352955
1600.4251808228519,0.7801301785995571
1201.4579830636103,0.7835781205044855
1202.0023844746192,0.7819533312704007
1439.211369898055,0.7653340726826536
1409.3289126633524,0.7158189462071163
1506.6979846360289,0.7876351764488835
1040.5148076519797,0.688687951229547
1904.6066060809735,0.7246786248135472
1726.629144017149,0.7049694226119622
1398.8259462233805,0.7271487706459043
1872.35511152523,0.6828433638561502
1933.5534709939207,0.7437959434461766
1280.5868082817792,0.7518352683024377
1607.4754814667706,0.7104382145120934
1598.5996442644096,0.7300674376381621
960.7786663871743,0.7595013041314191
1141.0773443116348,0.7325264768999675
1150.410017716008,0.8142608835329257
1255.4147213225342,0.7854788283694373
1102.3557099391908,0.7509926417343644
1186.0451402725312,0.8076579801068857
1799.0519150177442,0.6994097555083648
1404.2499067545868,0.7667075103167009
527.893601525559,0.8142337361256372
737.5549983172709,0.7977821823929598
575.0377044662065,0.8143260083554226
1360.4534536242977,0.7475380474006511
1103.0285207019167,0.782892149829938
1285.8539434851418,0.7117474983805834
1442.4200838436857,0.7112884942842874
1409.2273118089142,0.7464712688820592
802.8179405814685,0.8141657667939057
1177.7853584247077,0.7322879324070747
1378.3116643511698,0.7708613421725206
983.2453173538393,0.7558483536097914
1313.4296231711487,0.750866149792218
1117.9231544469428,0.7530369984887769
1085.0937044840932,0.7570470552116181
1523.1201047581121,0.7102353528409182
1352.0454833401752,0.7208154563941638
1196.0261651852052,0.7789956544192307
1410.7751723139686,0.6877808268605824
660.4317455847493,0.804150054088769
1621.2969940199428,0.7827300029344838
1053.8515208146487,0.7521225678693237
752.5948593368026,0.7728758853475935
1491.2895250706856,0.7138144338127635
1261.8985304546359,0.7322847821221413
1501.2050916346332,0.7415129385004825
1131.9694583238115,0.8141731994902092
2004.4219672024522,0.6965640536470923
953.0607080597963,0.8140561079354142
1422.4165954902471,0.6954635594260542
1485.2147677782214,0.7357947398095481
1274.0771161475527,0.7271666141772227
622.899020655866,0.753064109600182
809.9145126499885,0.7877070987526734
658.7676462603164,0.8141914300645796
1415.8701885903313,0.7373766825281038
1669.967227270822,0.7491461325180298
1489.6306807350463,0.7281728378395288
1529.37251961359,0.7695743512970324
1084.0721107389152,0.7277433191953552
1236.3338416081738,0.7587238966668058
1004.101691635777,0.8142066574621935
1817.4403062349447,0.7286413480385574
1231.7287145841597,0.8090948567287654
1369.7618118346138,0.7681869082669095
658.0119904730778,0.8020645912586248
1752.2006283507872,0.6921663023684659
680.7955201923705,0.7304631656872209
1139.1475980594157,0.7350755369544535
1330.5554191561678,0.8139880161554671
1182.6694843490482,0.7417105419727597
1116.1486590408902,0.7898109232810155
681.9831339250145,0.8133268629869435
606.097232927791,0.8142889065495957
1494.9495793692568,0.7023780863287641
1455.4182102783207,0.766904608929215
1028.341517220878,0.752608428930409
665.8178346013065,0.8142033341962582
1281.3267176537995,0.7744108287211026
1130.905258014854,0.7828562802610447
1372.7826824641174,0.7482836149968799
580.1846352134462,0.7376605039050973
1362.9838263631032,0.7219393454252615
1496.7576690105332,0.7714968934136389
1628.7122583969506,0.6885879023397582
1330.6218217098585,0.7566655178698736
1310.7848550037945,0.8091257962564355
1187.7354915048413,0.7516743471442177
1266.6030162456198,0.8093851127256823
1242.638660370294,0.7899611248454903
764.5417587772031,0.8141610630505484
1425.3250119258632,0.6821545433278176
1483.0215082104364,0.7553118792207781
1017.8861129900946,0.7193652049661677
767.2428836183736,0.8142915848262543
1330.6940505592343,0.7853511933049012
925.97966223543,0.8142115724606847
877.2191433962952,0.7686139626062892
1090.4389865040753,0.7031476597671547
1472.0305845559574,0.7129919708495063
912.8359458583839,0.8142972564554316
1162.346063437275,0.7012640381130005
1257.2946634965783,0.7987980003086366
1269.8074205882906,0.814113693596594
1199.1399221142403,0.7071717695647932
1360.704364176907,0.6931325325948726
1422.879340152096,0.7004172127817061
1176.8978824717205,0.7898737538616161
1004.4412535863142,0.7465904673196181
1164.9463503421664,0.7235962448226264
1278.7037370507946,0.7018281361696805
902.3756836729791,0.7185137597364519
1830.2530846759973,0.6868191544095709
841.9531017816746,0.7440111078444863
1380.4628926544412,0.7555623530785224
1750.4407098183412,0.7706638222474259
1247.7257445904622,0.7965800499645891
600.1625969019523,0.8143150685910362
1879.6228535246485,0.6925778521628504
1508.863655953354,0.7625476073577115
1137.493764474419,0.7554499633393609
1057.058536633133,0.7508474049629141
599.0089950789366,0.8143522753064949
1602.039578465455,0.6791498617986413
1587.292135769672,0.7034456157415705
1783.4621951753315,0.7180982022138285
1469.136724147374,0.7351560268516075
1702.9711749603543,0.6843594046486722
1578.312252306059,0.7634584489981748
1487.7986072951608,0.7816375717046924
790.8311969569326,0.7186658970472487
1110.8956645561361,0.7234555843387861
1165.3818025161027,0.7839204522900283
1419.2238389677154,0.7749383392776937
1744.7679984647025,0.736590315180151
1322.9083484218613,0.7821287425351772
1482.7240114186175,0.7372702160931748
1381.0806601970874,0.7063670862944755
985.9499639635445,0.8142876433954066
1545.333647854192,0.7455172113378825
1374.8825239991363,0.715879161480367
1288.9994023284282,0.7312242566124039
1029.9813128962835,0.7972194416152931
1244.7620810670765,0.6931809839601172
830.6552135376857,0.8142684265879396
1092.8909249139883,0.7507524050836853
1193.5412160584935,0.7174790840532201
1589.0360832699353,0.7347814343344273
1220.5090601055956,0.7605398342381908
941.0821179857688,0.75594979550353
1983.8273644987542,0.7203989756736395
1608.6064870293167,0.7620237346861278
1499.93085129985,0.7628325845515497
1474.6832676154245,0.7164293929958043
1186.9987698497014,0.7913394561071596
1157.5985906959256,0.8140373333053263
1167.9616420790824,0.7439335956846662
1369.5065480776518,0.7307153748730973
661.5321826582649,0.8143519977574739
1006.9748878259928,0.7381491110775042
914.0492755926518,0.7484487335542465
1156.4858590145834,0.7900933976258068
772.5313657890287,0.8083042008624857
1021.5006656268533,0.8141121614883929
1667.5858841466115,0.7140492141034036
1322.6623847418061,0.7838764608193347
1289.4219614402955,0.7023524388501532
1180.343967108799,0.7131331626215232
1542.2959730364455,0.7728554190884019
1137.8343042491006,0.7605852447779757
1121.8290764195035,0.7209464792110667
1689.5038789329963,0.7483642850925959
1255.1402391323547,0.7646347393779034
1101.7406384679446,0.7776481634013058
1514.0188993252368,0.759810681869905
1680.1569476126983,0.7189230048266361
1346.3776760370001,0.6997307336914946
913.7615320851303,0.7756948740862648
1388.3943988501421,0.7204162692325446
1207.2455899851316,0.7729573806150064
1516.7319478084792,0.7538082854852314
1317.2786741591858,0.7280267892390411
1213.3819233854783,0.7795331900199001
1189.5777188602246,0.7567496321174256
1824.9514488122156,0.6985971693236159
1518.5710272187025,0.7266243209714016
1046.9203456142277,0.8084676451516918
871.5743447700636,0.7224127597397874
1740.0778976861222,0.6843004187242395
716.1594867356044,0.8141807806428033
1351.7476863292102,0.7701760032569348
1541.880107223592,0.7177405805183908
1438.7659062797748,0.7835805580283741
2095.488624524031,0.7204180740407733
1475.7680457335898,0.7537775684673764
1637.8181292041918,0.6900400979432628
1679.7053297884095,0.7122004871745414
996.1530277753204,0.6989011420434449
1439.623062735304,0.7640453438467688
845.1486018794739,0.7502920736222622
1459.6642210005232,0.7289687501656148
947.5977936053105,0.8140608869946361
1178.282628317647,0.8140696973264993
1306.2033338758406,0.7196778686337303
908.1392409421189,0.6809112826097781
1774.1754140249275,0.6850680424538669
1190.0536796245333,0.7911259859418861
1778.5438513219299,0.7319153901992435
1524.8557934125565,0.7030358810496729
1345.4406183856854,0.7319628409486997
1983.5796080056214,0.6805183000299142
984.4628798527215,0.7908757847242868
1413.567531204982,0.7401191406365385
1519.3646095776232,0.791238196573281
1155.253085593994,0.7406104262891517
923.6839557134458,0.7483812816615516
1380.9483954558054,0.7802629518772475
1492.9152771365839,0.7282859679901263
1439.1293174517841,0.7237024313043467
1442.303970732892,0.7457896591875107
1324.8041282778997,0.746077416616528
1375.3668507893776,0.8140728270080957
1011.0368625535968,0.7472492457492887
1066.7118747515624,0.7699214465926003
874.933547927646,0.8141036954846377
860.2174209131737,0.8143046438679999
1136.7148797933405,0.7930171144253548
1147.2388238228964,0.771566193587207
752.9255346671528,0.8141891374312114
1489.2660729555507,0.7124596568899058
1346.6512381114887,0.7369765938712779
912.3810038045156,0.7500209932489909
1024.006432335222,0.7611376961457758
1173.7350088352243,0.7491063002740732
1493.9481278857963,0.7410484705525793
877.2896112279775,0.8141101390653881
1589.4578700792167,0.6799246329755467
937.3783415992115,0.8141917584309744
1025.29423558062,0.7359025286171574
1049.539394256669,0.7680707294670112
1506.567332003205,0.7210957902394564
1103.1863767624955,0.8142866039260163
1452.4710736455136,0.7160260546684907
1577.2027898047606,0.700387476132836
886.0434777974666,0.7628939162124272
1438.6704356799005,0.7487541964161494
1545.3973259897743,0.7720691806622552
1068.7173681227498,0.814243008505628
1506.876552869493,0.7804307035753814
410.3663230071029,0.8143882420973967
1227.299867903536,0.7598875374083627
1589.9637853412023,0.7197494225544441
1335.7144139751003,0.7171927744444431
1070.9724763400418,0.7175663089407447
1100.1379800824,0.8142402226079608
1691.0419571212258,0.7174361326564752
1233.383135992574,0.7581542807705987
921.5759545514014,0.7534582210202544
1134.7596024460186,0.7727391847905377
1366.782704270647,0.7667089691078414
2134.7096438099697,0.7312426795805235
1533.3466295183975,0.7106648596722337
937.574609906196,0.7626612565888318
1497.1477254990123,0.7673664939181776
1165.4597980655028,0.6938596673972661
969.5843607993799,0.7581111569084813
1202.5569331661782,0.8140780085838909
1674.7239983725049,0.7322034665966521
1064.7717996340712,0.7821872022124957
1006.0827717864286,0.8054662474032876
1317.9918127432848,0.7459005521853412
1238.6936807515287,0.7755018948724133
498.0319659069638,0.8142738495124089
995.8908202893416,0.7944626278233826
767.6020976446767,0.7926047597891672
878.8108683062381,0.8100860037150337
1533.1677672597793,0.6957079752771483
1066.1122128869633,0.7969545574164396
1322.9393775130723,0.7598200149012321
1719.2776796261733,0.7308039164680191
739.9288318952771,0.7980294240316336
1300.6216808229956,0.7922029318234128
1822.7498370270614,0.6930572516910674
1526.2798859215736,0.727464033575625
1371.6575763634946,0.7434876405463778
1061.2538038979997,0.8101463263305732
1424.8708490128524,0.712559459020815
1551.819540449493,0.7829447364952113
1644.132161453036,0.6969845491956366
913.8343217866445,0.8142882625915041
1247.5888030455426,0.7884209523631257
1200.5743829145415,0.7817402876933226
1395.4266735693718,0.7455304449775021
1089.0506342247468,0.6863323982207982
1544.0591652811322,0.7196116419623287
1483.3933951890685,0.7202374503861716
1804.6411612932875,0.7547530780561056
1043.6080371828639,0.7635295784298368
1817.636782841439,0.7921870740541896
1431.4499754316857,0.7226328342224276
958.7007209141543,0.8088882512000741
1622.8125643744197,0.7317216397143866
1266.5158841003852,0.7235617311653277
849.114165483851,0.8075603699602714
858.1054185464944,0.8142422823880763
1438.667971725862,0.74178799694419
894.688267629195,0.7764663851024337
1214.7339392649455,0.7898550882152421
1617.1554274823816,0.7367045112752029
1344.282808183122,0.7745395593713857
1190.9436745915264,0.8123493290832204
934.9406308594833,0.7458739200362011
1231.6121549711477,0.7169956608542888
1575.5623063395155,0.8018991404770391
1522.6786370523007,0.7270369935575159
901.8709247404903,0.7612457630340914
1303.9160373034256,0.7270567040524489
1406.6381715279858,0.7847727981515682
848.6019194660653,0.8142007325061187
944.1944037453053,0.8141414806610835
1957.6875875012452,0.7069060601765829
974.3835708200703,0.8142417373972763
897.203080663664,0.8141679388848974
980.9482764815685,0.6830231660929181
1296.3821690534346,0.8123198763226012
1077.3003488237246,0.7474761069359859
1543.2562807546276,0.7483222016873211
1613.948471815804,0.7232766997546299
2036.5246901781509,0.7351562981914433
986.3880143332576,0.7612724387300458
1299.0112379983218,0.7497726780388324
1231.148488994438,0.7954682543317126
1373.0691044512384,0.7139297095866878
1220.7683750906604,0.76766607238463
1216.8120665562642,0.7264003275969534
1219.4233575827434,0.7091300200485801
1512.8005198468009,0.7011769428999992
765.1670485806848,0.7631123522965385
290.81315755497315,0.8143657868632397
1725.1592217738792,0.7733287246184601
1027.1529546753636,0.8142246799577694
1492.6361189977015,0.7199218071361846
1158.6356140129637,0.8141008973606907
984.6064808434237,0.8096548625123644
961.9329844571562,0.7862709014269507
1018.4900591273703,0.774986475162264
1478.896669245597,0.7738663533664526
1475.41775056553,0.7173930262155997
1271.27269867236,0.6826718392094934
1351.3050279991683,0.7959823155358319
1463.7343397572795,0.7707810941253265
1688.8340058305826,0.7823283470165447
1199.658288439165,0.7715316925224592
1098.1796635497747,0.7535319745489604
1425.6828872042427,0.7264765296721177
1316.3963419227953,0.727904242449225
942.7924375812386,0.8141809782738112
1709.2951558668026,0.7551092462257067
1193.7837656717381,0.7930693670992108
1143.9806934721255,0.7808843447337727
1399.052916876167,0.7477372873764211
1202.7534640860822,0.7255734247671459
920.3667418900831,0.786536376288843
1284.8329755560692,0.7418008941484091
1270.0917873585227,0.7488025909371587
2150.082195922242,0.6815176096743195
1104.900947175664,0.7440019258781083
1076.8226600408238,0.8072124699731315
1076.54767505198,0.7994934648203759
1748.5790582242312,0.6816326159023224
1340.727480836712,0.736602412805677
476.2596239435742,0.8143771195891735
1204.0355772810838,0.7664891493561826
964.6363070616717,0.6832105412220644
1179.8081647671472,0.7722897974579132
1376.49121040736,0.77230608304679
1240.5583487584843,0.7364133069006374
1208.764656916603,0.7719230709977374
1757.7883790365877,0.7200366871712182
1549.142709388058,0.7124551849622297
872.8778611161791,0.7837422284597909
788.6432888529254,0.81088016086191
816.972893323668,0.8142181806803774
1293.5769324803218,0.7775020185976822
1496.19188698235,0.6824505596674536
1337.2424353537883,0.7776412144000785
890.349433040689,0.7842819974779459
1243.8897781581288,0.8023894022740016
1277.4062546993023,0.7677586788277594
1480.8097282112806,0.702258078775618
1249.3013108326018,0.7303906551015595
958.1137476231501,0.8142969965633262
1196.0913876606553,0.7485844019658966
741.4156244526117,0.814278854230329
1017.8691729321025,0.6986956540924781
1552.667871596068,0.7158989043804804
651.0322031495369,0.794298069833686
1073.3154574510643,0.7351401823538323
1613.7386348892014,0.8070107377431995
1861.7665691793618,0.6927117058452545
1584.4322055746534,0.7075499809811006
1273.2695011720962,0.6954404441255346
1046.2099926838428,0.743510156999666
964.9324291509199,0.8103921734461768
1061.501381321432,0.7773848795112752
920.5698544404448,0.7992824335839885
1142.7815166588423,0.8141286333781059
1731.75207522064,0.690143204169774
1515.7320811106183,0.7261082737980782
1114.989173153023,0.8131231132663964
922.5384627135637,0.7619060753651253
1228.4537791272724,0.7643073265390279
893.4606552556785,0.8133585067375837
953.6709784880659,0.787868102184653
805.8342228351374,0.8142287971738588
1295.4363392609564,0.756431709845129
1891.1439882154234,0.6798856899157406
1499.45216429547,0.7627128621118674
955.4045495024043,0.7677193155232037
1111.9612207307173,0.6850566372911076
817.7041875022046,0.794727480191796
970.5847830232461,0.7717746248607215
1514.3941092834996,0.778217384216361
1317.868775788444,0.7471726601639359
1034.163165630443,0.6997616441191522
1437.4594709545565,0.7369823956446319
1241.9994675109108,0.6989380443226693
1197.4479715324246,0.7634393537462028
774.0886069929788,0.7206622509934184
2034.810430357993,0.7176933174017992
1046.4166509000147,0.7987728447055545
961.6934733195986,0.6888388987576614
1145.7702890568096,0.73420028810227
1345.3544624898332,0.7841219066415657
1575.9936944253213,0.6817671561945734
1852.491453205621,0.7232629582713073
1192.9184629888468,0.7441726335746408
1273.037674996369,0.682769472765124
1363.3321479635213,0.7657822321448915
1649.4140591840305,0.6890299383580624
1101.28553754101,0.8140035774645453
1447.02685900745,0.7397270173634414
1360.9706298727265,0.7110580231223387
1621.4983079362623,0.7609576551670546
1685.5903422528006,0.750577716563508
1367.7440106536367,0.733699650729207
1226.2496191404375,0.7108983446239647
834.6747030706348,0.8142387441145621
1599.0339205929995,0.7257874391154114
1410.079516881802,0.7577460425785166
1383.1674206455616,0.7306609243413373
1350.314998023435,0.7660836373952894
1218.0978664661304,0.7298443929112451
737.0617064214098,0.8143611185227754
1580.537402790907,0.6823250938703854
1600.8044247012244,0.7214195322532716
987.7226684168263,0.8141851000486233
998.82372205099,0.7242663029543426
1493.4702559426303,0.737917687446119
1456.3208370043133,0.7699161003888577
1673.499885771874,0.7872271791670699
938.2056739160564,0.8141444642251122
720.1093089752433,0.8142130566504491
1607.833865850558,0.8140224695479115
909.9415907176563,0.7455901747567477
1233.2995852935562,0.7569090813447329
791.8880599730991,0.7835322760185922
1358.5333116212284,0.7067185940504387
1408.9115221295012,0.7354220717659321
687.2503177765152,0.8141974716057458
837.4814781139714,0.8043843809401793
1372.247983164571,0.7455055306977071
823.1231475993396,0.7877021575349095
1151.7689969877463,0.7781505169547577
1852.4157237735842,0.7607222572356698
1857.5841371786248,0.6784531132609758
1308.284330949579,0.7110218406031261
1149.747653008727,0.8140508795425674
1402.4270603899686,0.7117593703928171
1569.5760723236535,0.7760413058967413
1402.954810678957,0.7055339625452508
1370.5527740829955,0.791385487841943
1600.3591858958146,0.7574609528201388
700.048954502358,0.8143038584303259
1430.0377267514548,0.7662235060297126
1770.5284757026066,0.7212292394804516
1541.9841488550016,0.7304781822470007
1141.5752531231838,0.7472350520719137
1364.0932253393046,0.691341741134939
1317.373051737992,0.7527468142522977
1306.8572304212757,0.7623199904082606
1213.5843127417345,0.729617800871703
925.1265199884267,0.8141728202026105
751.0930101966144,0.8143282858856048
1419.2307717951091,0.7452622699444335
1245.5607304320408,0.8140094240367658
1396.4018748699466,0.7294034062040273
1836.3678404540447,0.7008078134586208
1066.3097288098818,0.8017046673741579
1090.2994001055777,0.7354412669021096
1346.712611737052,0.7895447399647166
1643.2980311783717,0.7888884015703701
1075.7537479815562,0.741531257479835
1193.8085619215335,0.7782349273433669
1441.2169299375007,0.6862705050615573
1462.522166785329,0.7109317204059318
1723.2218608723695,0.699998166996763
1092.4623607162655,0.7376626820944898
924.814291576917,0.8141261734243842
1088.8043983243347,0.6908244780503322
1714.8621188681116,0.7292105085287764
1088.5680849580572,0.7407097916540826
1155.2299594906767,0.7911169643307369
1131.431606293797,0.8140770291003058
1348.5508991227352,0.7781554454531552
1184.3427816291994,0.7738099710418165
1198.081008128764,0.7413447483426346
1079.439543636239,0.7899493466859548
1586.208913107615,0.6998295206307122
1715.6298347373363,0.7457899723004754
1582.8861467814304,0.7691103355489463
1651.1943023233473,0.7139716985981626
1610.5106760729989,0.6904300305748878
1036.9564638004163,0.7750800946101497
538.0279402656033,0.8142783201072221
1640.3212250808774,0.7788650445779587
1735.1136861692166,0.7299819014144413
1456.567120223236,0.7195044711491029
1417.0368287893662,0.7463079709734051
907.4376279256315,0.7739216040292218
718.6892870399271,0.7660438375778029
1064.0635134350873,0.7299377702261904
1521.3187598212521,0.7224261263504212
787.1085584859942,0.8142033047172387
1223.7878343372836,0.7557140404448451
1587.8042412542072,0.7097087289097115
801.0041359855629,0.7679594790404383
1114.44160094919,0.7938350104665995
430.5585647147776,0.8143811091726849
1162.214045792892,0.7275953076084601
1131.0089717726923,0.700131932141677
1778.650596209938,0.7196326191369913
1722.6716796731448,0.6813937210536468
637.661625447005,0.8141600413855459
1243.1850264262937,0.7302774204224294
819.7048651163724,0.80090606974706
1641.6245606283337,0.7180535487815737
905.1419406005184,0.7702196509878886
1224.177375260271,0.7196685965193884
1392.38823519087,0.8057576650460575
1428.1505675738206,0.7941101856493805
1532.4025866250568,0.7490290902437499
1313.7247715043463,0.7684528106593321
1148.0610089042843,0.758979963077841
1100.9087113625696,0.7093680097536922
1626.721855667825,0.7551187519692545
1620.8104240503596,0.6989774167721433
978.198759572977,0.8142679267675969
1445.6381070035568,0.8115860192746853
1495.5008503455565,0.7569923055615655
1635.392226725639,0.6924201899189412
1522.7921195531342,0.8030303838993783
1139.79010048436,0.8133496368082083
993.4253698110269,0.7350529526099423
941.4699281966182,0.7925846853077972
1078.1386070274802,0.7483759033701853
1032.6643967288296,0.8081723313081048
1288.4827103549512,0.7186235990757671
1147.4817468932342,0.7675389641348546
794.4228562990254,0.8113601470652563
938.05586946219,0.6922761498074987
1330.2753558412358,0.756468565370631
2085.9742143637313,0.6863510952445004
1385.488232660596,0.747018373071142
1759.9510370880505,0.7349274699928868
930.018516655072,0.8141489759897801
1509.0824206423752,0.8081107438022377
1044.3012025442767,0.7364271711326561
1116.015242243473,0.762698615680766
961.228696584312,0.7043465602774168
1453.097962730463,0.6953005942414656
1191.1938967574351,0.7681282241328751
1687.8456765649255,0.742763874145931
1459.9787610340766,0.7354803067695478
1105.4857586153817,0.7798392612392046
1358.3716511850148,0.7219094476222728
457.1636270275577,0.8143330123008135
754.5453172557922,0.8141513630443733
1435.9033369153774,0.7961565425274205
1344.222423209314,0.7782883763174155
1249.2158172095342,0.7433469005983642
1333.9505004703276,0.7615079692120084
1738.63798894296,0.7244585826899904
1341.6850869187724,0.8142348188247694
1612.4235559141684,0.7163344549499797
1482.7078422948853,0.7167402502709121
1552.6086766061678,0.6807442849000698
1352.1859206261718,0.7966698098859081
1496.6974481844545,0.8140727584043798
945.8506859964673,0.798302200623463
1448.2637886422915,0.7954031865631704
1208.1814217278438,0.7874282085703728
1467.2378098424888,0.6867582715986379
1791.9184284542957,0.6822030563098557
619.8593736482389,0.8141922991688941
755.500725605465,0.8142979689245384
838.2503518312028,0.8142686162142883
1299.3398563727244,0.7639853052620267
1578.1817399042927,0.7114715667191281
1513.2345748616908,0.7530205618197235
1640.2231849552238,0.7040991533404514
1589.9741145880255,0.6847628082272597
1440.8221053608668,0.7928056474128586
1013.3555171749351,0.7327436905816326
1386.6991608984786,0.706592043356081
1066.0122828331996,0.7841757416610488
1380.962832550168,0.7715143358166474
774.6984228159386,0.7156225066259643
1486.0527231722522,0.7401551678915259
1272.8843829658604,0.814150249707168
1518.7820516201173,0.7597817909512798
830.5534855715125,0.773911765756834
1332.5690930131248,0.7231103848410935
943.5867988821061,0.7494465943446271
1220.1297363286212,0.8140624623895438
1484.740653962693,0.7634216439736301
1631.5720576264189,0.7410684946480371
1081.0022245036018,0.7124855646702147
1292.2340021782006,0.7662367183362341
1202.3256376653744,0.8125010894012701
888.6031753409233,0.7697328451473477
1369.705598487398,0.781351167356636
1463.6825969187173,0.7569302128163878
1138.43166887025,0.8130073138250493
1002.1295544062391,0.720860177197555
1697.5953989889354,0.7620816536520385
1395.6959222683593,0.7246560622995865
1341.152559269306,0.7241572808872874
863.8822870904057,0.7251599049081117
1393.480680049898,0.7119566535477402
1138.3100305022936,0.795097472236082
1068.3136708213956,0.7589421621859617
1294.9239981497649,0.6945482025834799
1439.1195385563583,0.6847475465673646
1337.23810967843,0.6795261367625473
1634.4938534027256,0.7567916432716105
1881.3086512701705,0.7339865769717
1269.2570511247254,0.7683663777586807
743.6482400815518,0.814208499568927
1500.5700344615,0.7779744335467433
838.7524206590665,0.7960700631769093
1574.3320375269484,0.7570288562773817
1178.1882740928238,0.7679365061165241
864.7400803465982,0.7979376570006084
1113.4705244815407,0.7758060450953482
598.4309016960458,0.8143396674771353
1293.3957729182093,0.712983472230626
1390.543098840768,0.7453002776828387
1596.7407070942456,0.6901549582166534
1604.5402965949734,0.74108374527701
1490.7250994485446,0.7179157584953526
990.4782747193708,0.7290079122351835
1567.2361170636073,0.6851159743304392
1531.9192526866148,0.6899502702903536
1026.8963746846212,0.797460458290325
1530.86426508154,0.7389454037913123
1331.2999499335178,0.7660852197241623
1211.5497815525755,0.7771565029216595
1166.1736707094726,0.7620383015443061
1178.5917561796182,0.6997401181316245
1593.9658708898887,0.7326559059033704
1204.813350575198,0.7268923167682566
911.4039470833108,0.8107519782633582
906.9341176464204,0.8141578475470426
1364.5613336162764,0.7642665911766576
1189.8991019359978,0.7219523123914705
623.0457127731404,0.7967213336877806
1468.0617395829122,0.6823635805377304
1246.651292810005,0.7714261720515235
924.5699562952869,0.7844875555498556
1599.9074716573286,0.6864628163221282
1062.1655176903819,0.8141464649140299
1503.4109741581076,0.7243396475847663
1259.985243906198,0.7220057827133494
990.6771878292018,0.8140540983200251
1341.6263270042073,0.7270906416465758
1241.854244738608,0.6795922260796433
1608.8540638877969,0.6977892290272231
1420.062292716464,0.7099382238578367
1230.6913583030355,0.6934718731471755
1481.4511968363377,0.7982820269869827
1167.6586132302737,0.7460695919172143
1493.444487965206,0.6796209771353844
1258.848912362636,0.7333069704510359
1254.220308290435,0.6905490859375761
1048.3104406327136,0.773466921792358
1925.729212103983,0.684381324605219
1606.1390607454734,0.7169774851792777
860.3566534565457,0.8141582019982407
1130.5918051174617,0.7135350380671408
876.2909852341234,0.8142070247959103
1264.7449997271062,0.7384319457261489
919.0646033950163,0.7676385967811666
935.4190786296258,0.6833723736518615
1343.30380818834,0.7273617456882904
642.9073062484956,0.8141224500957314
755.5267063548296,0.775033767863612
716.8954360537464,0.8142110739033306
1961.465826422705,0.7766154063663582
881.823994640624,0.8132330235962325
880.7499634886556,0.7801147347152415
1230.5349985209455,0.7848489996090029
1446.6286042442948,0.7439382555317892
239.1218911266099,0.8144183727465373
1622.7121547720228,0.7771238073546
1128.4473039628274,0.7707943467957799
1748.912818570153,0.7520058704834195
652.5074618194025,0.7945354872524167
1437.035774868439,0.7522032477923223
1775.6982203894338,0.6844119093732163
1174.9567326790423,0.6882660485147991
1565.4203682929538,0.8014814003495948
924.2285406040982,0.7680797061140561
1538.5389277994682,0.7686858037287555
1093.0904278925013,0.7918194958936531
797.727280621281,0.7467276258070545
1362.9637892343317,0.744430385621666
1419.847534735,0.7157360501827266
994.6399359624609,0.8141223730498995
933.983386386883,0.7282624666128827
915.6839029797237,0.8111131865125394
1637.5039682142378,0.7502530065014243
1546.843340928156,0.7194136551064726
931.352432672217,0.8141358444518694
1230.7118466159845,0.7343187017343267
1496.2237100844752,0.7564352138201771
1476.2800031005502,0.691017086603974
768.2632367616095,0.8113641360233829
1206.5263127290218,0.7082218521948035
1267.0052827406832,0.772800765475384
1685.8896742957268,0.7124400925265547
1594.387798301148,0.7820171650281499
1096.5742058247727,0.814083579043427
1283.7814543746995,0.7482740951305412
1324.2284679460388,0.763790018328193
1235.9215364670717,0.7654113669106077
1487.30089173977,0.7253977636925821
1726.6766134381858,0.710958702986966
942.617684712974,0.7760977717970671
1243.4994986263468,0.7044090998504963
1231.3296945192517,0.792586469836765
1457.7240345353948,0.7924375149331616
1385.5552287052094,0.7886040703330905
1416.3800270223587,0.7506238386539822
1208.4949824326031,0.7816900070097054
718.102497612075,0.8141629690020212
1552.2309621864224,0.7093024628267195
1125.6219006360582,0.803314081768144
1091.7053260667471,0.7443641376104501
815.2321510329355,0.8142482639713935
1655.0726384190707,0.691053969534543
1125.5399755759308,0.7053968949442287
1763.0061782647722,0.7216859739500435
1444.1231055150306,0.7657380512848285
1708.0673261263128,0.7339830005500143
1429.3584570297899,0.7835293786824801
1521.5575314128378,0.7440772998678666
1401.8683421214541,0.7467171973522981
1154.8355704337855,0.7499732162124948
1244.3703595654515,0.7142225534920735
1084.4017837070135,0.8095206424662106
1630.2535296287115,0.693047036798508
912.410019978191,0.7297822099878187
1420.6199917657718,0.7330567394833277
992.9679383631322,0.7888172230974083
1324.344664120407,0.7044553887582339
701.9403514986357,0.7713736372290791
1368.765366092874,0.722246926350184
1671.7954786633757,0.7139950934797135
1319.3087472577818,0.7313729518912386
1519.9814051943397,0.7649535040647623
1021.5866946368205,0.8141352728105905
1005.9920258651975,0.8141804191056004
1395.5353726969147,0.7229242965788418
1351.5644703157534,0.7242188837840293
1499.5923970566787,0.7505795191797436
1458.125619983941,0.7839678013432904
1466.1050427252842,0.774451160465994
999.4482504511199,0.8141655764025922
1710.8961527986353,0.7293044590315648
1394.6188626655326,0.7355042164520005
1093.7618063378536,0.7702867358172223
1564.5001153616895,0.737967548081465
1360.4348349626448,0.732819221702225
1230.5529646561235,0.763765343473688
1115.0177502800939,0.7759176716569016
717.3373802402165,0.8143617449971191
2024.6307290246357,0.7163162057360262
920.6103629206158,0.6880567939800466
1065.5970673075674,0.8141360410962601
1133.3043986035793,0.791379685316197
1560.2482794191735,0.7455480445294027
1190.1948127240682,0.8140497591236213
1054.1427000464562,0.7129649022825543
1163.9282133353688,0.771833085234121
1069.319930354671,0.7239070928739156
1203.8920407286091,0.6876704775194171
1717.729671337912,0.7113395176807047
1747.1976349447757,0.7322535086471826
1045.907891275338,0.7467705247891395
1351.2768523609523,0.8089898466442762
1151.464905435654,0.7248365193642607
1456.9913092746647,0.7139343815129192
548.1534268237007,0.8143271065787471
1304.6311493867975,0.7450129008897435
828.3660438551883,0.8040620490692807
947.2857575556159,0.7624683494731905
1252.896401953828,0.7187983601125798
1334.9809446149804,0.7290984797587187
766.6117942759673,0.7775477812513701
1377.9028317059312,0.728264633724318
1267.9871822524753,0.8136497336870437
1720.0139167115428,0.6824748889366544
2037.4407620525258,0.6908588046297948
1298.40070507277,0.759914699975996
903.1015161838028,0.7928411047323978
1299.2373841939218,0.814013306015423
1286.528256920639,0.7373240204606384
1166.813717580572,0.7313112650720132
766.1119197735972,0.7850087734316492
1479.9311536119717,0.7494165245256582
1140.34985262019,0.744537770754549
1510.3980386740352,0.7730356380857246
937.6194409219295,0.8141641287359965
1697.090135856616,0.6940517228968609
948.8704783290013,0.8088575177326075
1511.6780225594962,0.7129765483962828
1138.5815558859174,0.7597105854949049
980.7366432450697,0.8077955893472805
1364.8601530100723,0.7236564506049196
1758.7378941621446,0.7398376050011667
1243.8514069349667,0.799806857160027
1355.5361511026435,0.76196693471934
1099.0093984564442,0.713143294037423
1608.5293867420883,0.728945909978321
1312.0553291345586,0.7348492693469161
1189.2169670665037,0.7554351742541037
1023.533861445241,0.8140584921001682
735.1179067540427,0.8142014847162772
1657.0666634666584,0.7957225181067885
1606.7852503875026,0.7283806525497424
1103.2641366354699,0.7107146441163398
1638.9302257581771,0.7128857617672645
1332.0355872784805,0.7675501143218159
1614.6654883528188,0.7090832896528477
826.6993112091916,0.8141571591860639
1104.1894608265784,0.8086701215739963
1021.8621325018881,0.7771520095031915
1369.349111546359,0.7304212494421328
1628.7060982744285,0.7255066079859085
1528.0186399042511,0.7369004998858277
1793.7467421408278,0.6917828040013777
1116.2630271000971,0.7467097055209294
1272.2565570047805,0.775059227633934
1268.1810477038775,0.8141793263301057
925.8067662674468,0.7717513227031674
1173.195218067981,0.7390748436396022
1094.331089991551,0.7387811324094054
1377.1495664571255,0.6948840315719697
1158.759330075229,0.8141845610883448
1661.4085045427273,0.7205641675938101
1987.0974357987625,0.6819675311662815
971.9801457480573,0.7660065327228006
1659.0163442527942,0.6876677283068463
853.580009123323,0.7721561719349219
1225.8619302804293,0.7581278926797069
1124.2046890882275,0.7523748329542796
1729.3066713958715,0.7528654492920651
1278.0577667533191,0.698058142881503
1147.5676491410159,0.8142513881021328
647.6532867323886,0.8141845031268184
1569.46725670438,0.6984742068026004
1459.4875718673138,0.7704305335751211
941.9876759251849,0.8011365136492128
805.979613901275,0.8142051849678515
1847.8235409141412,0.7166864148249129
905.0177657044824,0.8142262807004667
1134.035583236369,0.7789044163103829
931.5859305316651,0.8142145467919267
1214.6931117757877,0.7977795254909901
2277.7183592458327,0.6901074501363452
1751.5852750674346,0.767111572291184
531.3671083120322,0.814313142574351
1609.4707143615512,0.7163960093176561
740.9770849606349,0.8142994099415851
930.9152864043369,0.8142771805029703
1013.8063522599821,0.7026336367364329
1134.016799059259,0.7163329166716342
1034.7780008362429,0.7411870475464947
895.7400946180169,0.814196105737219
1135.4429994856976,0.7270842795635473
1140.0611312992855,0.814120367585204
1662.7427907204321,0.6946834662700018
877.0955149420843,0.7697783862336939
1170.2310029076482,0.7326575859311629
560.7171428957598,0.7322258126514591
1467.5892213646596,0.7583922673371897
1688.6123584734355,0.7383936898570513
1234.2674818433602,0.7730669675472939
1371.630931874785,0.7298135753477354
1157.4914891051988,0.7998484499012989
1119.0509081305656,0.7949647851123035
1251.5225664883108,0.8140635461141119
1800.505870576726,0.6870648780702435
1222.9282846106835,0.7340366030155064
1632.8430953718057,0.7603830482685336
1281.3265468136806,0.7299871200987095
890.8303959782392,0.7754576363484732
1830.4699103426242,0.7470320005772356
1207.889820039033,0.7347575962123383
802.7667900053833,0.7672157492590039
1666.286324895294,0.7082637988973373
921.7297779235896,0.7536648196344564
1682.4237087372471,0.7182072876562442
1337.5598608605019,0.8141200543400208
435.8341960605719,0.8143622936609395
992.5925513697006,0.8034793644295374
2092.3759118322064,0.6842625648071649
1376.4677744838714,0.70545020719562
1222.226928627034,0.7544230580875454
916.4625197987382,0.6790435241183614
950.357689204202,0.7958180183480075
625.7492347959266,0.8142102101504417
741.0392360777863,0.8141667316590644
1805.4610300384154,0.7503046389252332
1035.998452130966,0.8141924014772983
1474.7349894480146,0.7594690467158367
1086.552268038854,0.8141440019676114
1520.6838995517187,0.7673222843495702
1745.7913316616641,0.7012549486544022
1483.5261833879226,0.7078571452366819
1045.9489415359658,0.7147087566316969
1416.0069563604702,0.6900400628891681
899.1512739218867,0.8140590775190645
1229.8003390038396,0.743560428320909
791.850178395169,0.7541528437813796
1480.8019574488092,0.7055567358986634
1732.7060671544812,0.7522406963092172
1067.8981445788095,0.702409306287205
1077.34528290911,0.717156759336343
1362.8384081380723,0.7673617504796157
1054.7346253032044,0.814221964837114
1359.1192604247371,0.7858804810321237
1192.968291820254,0.7856376993406341
1019.5306133633162,0.7472469938936721
685.3400674796216,0.814256648905347
1509.99030162406,0.7394356172200309
1743.5312034011022,0.7198214724163525
1328.3413656450248,0.7419816910480465
1428.6564090478287,0.7680439672680869
734.3339944104357,0.75311205886315
998.6166307419704,0.7562793270974139
1097.7683159227747,0.7616176548285681
1070.448090832047,0.7035911400680004
1725.4368238810123,0.7302886372192899
1395.741635743023,0.728599012707393
1081.47840952908,0.8083357837057206
1248.3812253458077,0.7129973930684722
1267.0819663476918,0.8140652653732021
1429.6594494798392,0.6986876561223048
1341.1638633014468,0.7751949112339214
1854.0045661079484,0.6813844170604478
759.9695637541258,0.814325578716651
747.3708557200553,0.7990802767394549
1229.0819017411413,0.729210871807667
1923.7930208808395,0.7232616122127209
779.9169232928498,0.7567217881462129
1294.3741995036978,0.6888300223354031
758.5041626796115,0.8141854292654868
1127.4462431715094,0.7009853508362878
1298.6229277228883,0.8142178462151609
1027.6317692720584,0.7563555612190049
986.7982892038218,0.7700578571047322
1021.7118310692383,0.7280930056518794
1350.31533289504,0.7682972270039848
1475.1050681204206,0.7811058871762698
1535.2605833364667,0.7096430964523257
919.0013816147666,0.711891020831426
849.116596987426,0.8143088325446918
1597.4607009788035,0.7076343637721412
1589.7628582246493,0.7444763717844871
1184.4143632086314,0.7362001990639848
1182.1973633496382,0.8097856292511315
1280.720289913767,0.8032404926266634
1781.453210380873,0.6949164130918402
1492.6369316634155,0.680867241832873
1277.6097259462485,0.7353801032022556
1155.9534527431267,0.7985361770284525
592.7974088631133,0.8143167357282123
1159.8818750966457,0.7218684358639231
1635.3523095318128,0.7489333926622258
1703.2899294965634,0.7144269553262936
1432.0252840325277,0.7733236551739759
948.6603845346626,0.8141807821952927
1301.7475608576005,0.688933454784099
623.2015046089075,0.7312720315816688
1266.5305786963481,0.7283907475075995
1507.5696862438772,0.7823208661769887
1616.7365536587226,0.7722583245527379
852.8116745870359,0.7951225415809257
1198.631092529549,0.688194429146107
1511.2125118831743,0.7483712230558719
395.6867738278618,0.8143978099116116
1033.1741051442461,0.7845056500671547
1989.6581958890706,0.7337284827356639
1142.9601447089406,0.7602030488558346
1290.2090402144102,0.7187748752355563
1254.2274641864553,0.8140734416232264
1006.594636521578,0.7930151836865015
1192.2878707742282,0.7904608951952034
1293.65827746309,0.6807609361166785
2039.3516288423157,0.704608847017993
938.0348778764142,0.8141241097371286
1786.3279662670577,0.755070569834244
1713.552678675789,0.6958396423622474
721.6450611883532,0.8091350360497734
1401.597171455237,0.7913096426861459
867.5724320032472,0.7899190038055784
1208.351981135789,0.6907669390598073
989.9182723389852,0.8141645800554552
706.3247647672332,0.8141945549854807
821.7029465596627,0.6961627203261322
725.5053736281088,0.7901224362998988
1693.45782282119,0.6794659470886181
1441.8480086709133,0.6948736767173772
1549.7163568522662,0.7815628992136366
1516.439587371431,0.7040752647633761
1478.9502630147158,0.7603931751491743
712.979083498213,0.8142544319854111
1057.893129216907,0.7809491307563929
1749.8833324575398,0.7272348814805686
1570.5839764779062,0.7005165359591833
1151.4285249142183,0.8130848865647279
1193.6264350002596,0.7853026717524649
1406.9988880273645,0.741515024083599
1486.0656074073636,0.6799966443409927
1586.201483320627,0.7083754396155763
2269.8799034443473,0.7311846248059952
750.3981171433804,0.8141446408912452
1415.0208215286652,0.7473060496203559
1618.7603263873539,0.7036831695296488
1390.7317402121425,0.7455515173301701
770.1586834540494,0.8141560785693809
1257.4856942558386,0.719589367711096
1479.0045549132883,0.7435762048469191
1476.440190941616,0.7235871991132722
1424.063090970561,0.7250620354729844
1562.6630269169375,0.722135627666058
1356.2522247756644,0.7522149513782651
1318.233910770687,0.7376582492412633
1292.8382647938588,0.7255398447844935
1137.7561332700138,0.7629209317957915
1464.1924041842447,0.7487621628678628
1315.0610571273262,0.7186524510604728
1281.4202973194583,0.7714308321079774
922.1577188780676,0.8141679059869668
937.624677346667,0.8039223743820126
1288.9241471644973,0.7466992340119806
1262.2669448312508,0.7735454920065041
656.3836732892428,0.8143069068199311
1158.4323501015701,0.747483997283081
793.9611730629003,0.7782105657508759
1469.8602471119927,0.692720731336031
885.4328794839902,0.7763151458372826
1183.7109452761538,0.745449759184618
1107.1352556690733,0.6985619111238315
1490.4286986481623,0.7298426875325645
697.895519529458,0.8142548631026093
1147.2744460102147,0.8137711153705989
1357.4807355817143,0.7073891950606384
1032.2466391970374,0.8141624944828085
1298.9414679837357,0.7247319810523533
1061.227770960336,0.7636244111854015
1935.9908941396657,0.7195878505925796
945.0074385156377,0.8077534026658251
883.7048068255683,0.6962828972528915
1591.3473282703812,0.7775865203636938
968.1257048278654,0.7940237589006764
1179.282160667979,0.7678227127238898
1512.6076727979505,0.72446687243879
1072.8721481744735,0.7473543810845331
1004.6254043763599,0.7219491988515727
1558.136892323571,0.7441900916938171
702.0245978081405,0.8142157589802641
623.0549491789409,0.8143455820555661
1256.5923338649013,0.7123675753112356
932.5925943842975,0.797521169024754
1430.2625671979206,0.7337444243545317
1164.6132698610945,0.814122465538146
1189.1967649950568,0.7004237856044007
1296.8019543326209,0.7469767475358248
1086.8917715345797,0.7798155472635047
1434.5948747452899,0.7532825554981437
1127.1563029857555,0.763364149324643
1224.9038752806316,0.7846903689074449
1349.8589719164586,0.7247918014236848
1317.4296195849931,0.7780977229803848
1223.9427258067,0.7913093155505598
1471.851009261081,0.7167969200937746
1683.6351871494226,0.7705765872163748
1647.3929924110428,0.7226651944028721
1503.604218664611,0.734892585692137
1064.5988826535918,0.777693008543816
1443.6065407304104,0.7266607847951051
1173.1671502322097,0.8142127233000096
1698.9780778065197,0.7580793836835967
843.7351078599871,0.7816058892675302
1657.559569400119,0.7469573207163149
1054.797540814375,0.7998171999175449
1409.0623058236015,0.7236868038763852
1748.6224136641015,0.7474132127010346
1130.2042525776478,0.7937210775964366
628.7565284965373,0.8143024765582263
1311.621793424369,0.8140714651884937
1376.8542093992187,0.707928590343945
1347.0781350295867,0.6977958753193565
1564.7500010089539,0.7554423665617803
1371.109485189313,0.6861916772814765
998.5123723424431,0.8142970157950351
1737.4439119377175,0.7686778162544946
1648.4218596273697,0.7179284592148094
1082.2643291400245,0.7489828463537682
1133.8976988376296,0.7126305969845678
820.9037249224464,0.7920869118124949
1735.3647189832948,0.7239401336898477
1236.938222555286,0.8140520831614515
1743.444186819961,0.6798888329111199
758.6111312998567,0.7857478410811779
1060.8382935921554,0.814083764885065
807.2661528785993,0.7845162027699442
1770.6488257932642,0.7312513392058833
1224.3041052143374,0.7910642008962265
1529.4984064862806,0.6981011865421466
685.8610859767862,0.7951130893287838
1003.4646553000177,0.8143201747145629
1469.4294770219701,0.7858850996240875
687.2343502692781,0.814304669198798
1270.0638156078574,0.6965580598219548
1360.384046360161,0.7538778531588267
1585.5808108105628,0.7200847264625477
1531.2560004707016,0.7757899457494569
1433.9162028104115,0.7014249994574928
825.1161929042954,0.8143463128154644
1303.154350865323,0.7155773188243908
1569.278377687683,0.7711295615252051
1420.390862680834,0.7152741044484263
1491.323813306934,0.8140096539052943
1322.8941724857796,0.8002277728357999
995.7789202802203,0.811666335784305
1299.019227987274,0.7780026041983388
1273.1654102626394,0.7143569085394778
1555.7731182113152,0.7158661891016744
1255.7708149258654,0.757289957834604
1119.7219798088565,0.7121472352304032
704.13527159223,0.7926519616774438
